{"stats":{"minecraft:killed_by":{"minecraft:creeper":1,"minecraft:spider":2,"sanitydim:rotting_stalker":1,"sanitydim:sneaking_terror":1,"cavenoise_overhaul:cavenoise_overhaul":2},"minecraft:crafted":{"minecraft:oak_door":3,"minecraft:oak_planks":180,"minecraft:furnace":1,"minecraft:stone":55,"minecraft:stone_pickaxe":4,"minecraft:chest":7,"minecraft:wheat":279,"sophisticatedbackpacks:backpack":1,"minecraft:crafting_table":7,"minecraft:wooden_pickaxe":3,"minecraft:polished_granite":68,"minecraft:birch_planks":4,"minecraft:stone_axe":2,"minecraft:bread":93,"minecraft:air":0,"minecraft:oak_fence_gate":3,"justhammers:stone_hammer":7,"minecraft:stick":100,"minecraft:stone_sword":2,"minecraft:white_bed":1,"minecraft:torch":172},"minecraft:killed":{"minecraft:witch":1,"whisperwoods:wisp":2,"minecraft:pig":1,"minecraft:creeper":1,"minecraft:sheep":3,"minecraft:zombie":2,"minecraft:cow":2},"minecraft:mined":{"minecraft:dark_oak_planks":1,"minecraft:white_bed":5,"weeping_angels:deepslate_kontron_ore":2,"minecraft:granite":3,"minecraft:grass_block":20,"minecraft:moss_block":2,"minecraft:spawner":1,"minecraft:hay_block":45,"horror_element_mod:rotten_body":1,"minecraft:carrots":3,"minecraft:iron_ore":11,"minecraft:fire":2,"minecraft:andesite":13,"treechop:chopped_log":9,"minecraft:deepslate_iron_ore":1,"minecraft:vine":1,"horror_element_mod:crucified_body":1,"minecraft:stone":250,"horror_element_mod:spider_head":2,"horror_element_mod:slashed_skull":1,"horror_element_mod:impaled_skeleton":1,"minecraft:glass_pane":4,"minecraft:smoker":1,"minecraft:polished_granite":11,"minecraft:oak_fence":1,"minecraft:crafting_table":6,"minecraft:torch":3,"minecraft:tall_grass":1,"minecraft:cobblestone":35,"minecraft:sugar_cane":1,"minecraft:oak_planks":5,"minecraft:wall_torch":11,"minecraft:birch_log":1,"horror_element_mod:spiked_villager":1,"minecraft:sweet_berry_bush":7,"minecraft:lilac":3,"weeping_angels:kontron_ore":3,"minecraft:yellow_bed":1,"minecraft:grass":9,"minecraft:coal_ore":23,"minecraft:oak_log":30,"minecraft:gravel":5,"minecraft:sand":1,"minecraft:dirt":41,"minecraft:cobweb":9,"minecraft:oak_leaves":6},"minecraft:custom":{"minecraft:mob_kills":11,"minecraft:animals_bred":2,"minecraft:interact_with_crafting_table":41,"minecraft:leave_game":2,"minecraft:time_since_death":1896,"minecraft:climb_one_cm":1629,"minecraft:sprint_one_cm":332925,"minecraft:walk_one_cm":372546,"minecraft:drop":35,"minecraft:damage_dealt_absorbed":120,"minecraft:talked_to_villager":1,"minecraft:play_time":123372,"minecraft:deaths":7,"minecraft:sneak_time":3194,"minecraft:walk_under_water_one_cm":849,"minecraft:jump":1315,"minecraft:walk_on_water_one_cm":5686,"minecraft:total_world_time":123372,"minecraft:interact_with_furnace":17,"minecraft:sleep_in_bed":12,"minecraft:time_since_rest":1940,"minecraft:damage_taken":2723,"minecraft:trigger_trapped_chest":1,"minecraft:damage_dealt":7606,"minecraft:fly_one_cm":217291,"minecraft:open_chest":19,"minecraft:crouch_one_cm":6969,"minecraft:interact_with_smoker":1,"minecraft:fall_one_cm":19015},"minecraft:used":{"minecraft:oak_fence":1,"minecraft:moss_block":5,"minecraft:stone_sword":129,"minecraft:chest":6,"minecraft:oak_door":1,"minecraft:torch":192,"minecraft:dirt":48,"minecraft:mutton":4,"minecraft:granite":8,"minecraft:oak_fence_gate":3,"minecraft:iron_boots":1,"minecraft:sweet_berries":3,"minecraft:oak_sapling":7,"minecraft:furnace":1,"minecraft:cooked_mutton":1,"minecraft:water_bucket":2,"minecraft:stone_pickaxe":305,"minecraft:oak_planks":16,"horror_element_mod:slashed_skull":1,"minecraft:wooden_pickaxe":68,"horror_element_mod:spider_head":2,"minecraft:crafting_table":12,"minecraft:white_bed":12,"minecraft:smoker":1,"minecraft:apple":2,"minecraft:bread":16,"minecraft:polished_granite":81,"justhammers:stone_hammer":607,"minecraft:stone_axe":67,"minecraft:cobblestone":195,"minecraft:andesite":5,"minecraft:bucket":2,"minecraft:yellow_bed":1,"minecraft:cobweb":7},"minecraft:broken":{"minecraft:stone_sword":1,"minecraft:stone_pickaxe":2,"justhammers:stone_hammer":5},"minecraft:picked_up":{"minecraft:crafting_table":7,"minecraft:wheat":36,"minecraft:chest_minecart":1,"minecraft:string":11,"minecraft:raw_copper":27,"minecraft:beef":5,"minecraft:iron_nugget":28,"minecraft:sugar_cane":2,"minecraft:iron_boots":1,"minecraft:stick":40,"minecraft:raw_iron":32,"minecraft:stone":134,"horror_element_mod:slashed_skull":2,"minecraft:oak_fence":1,"minecraft:torch":99,"sophisticatedbackpacks:backpack":3,"minecraft:porkchop":6,"minecraft:diorite":220,"minecraft:carrot":9,"minecraft:stone_sword":1,"minecraft:rotten_flesh":38,"minecraft:hay_block":54,"minecraft:mutton":4,"minecraft:cobblestone":3970,"minecraft:skeleton_skull":10,"minecraft:white_wool":3,"minecraft:birch_log":1,"minecraft:feather":2,"minecraft:lilac":2,"minecraft:water_bucket":2,"minecraft:andesite":139,"minecraft:leather":4,"minecraft:smoker":1,"minecraft:oak_log":115,"minecraft:yellow_bed":1,"minecraft:gunpowder":4,"minecraft:dirt":76,"minecraft:polished_granite":19,"weeping_angels:kontron_ingot":14,"minecraft:cooked_mutton":13,"minecraft:bone":20,"minecraft:apple":6,"minecraft:wheat_seeds":6,"minecraft:stone_pickaxe":2,"minecraft:cobweb":10,"minecraft:moss_block":4,"horror_element_mod:spider_head":3,"minecraft:oak_planks":31,"minecraft:cooked_porkchop":4,"minecraft:sweet_berries":13,"minecraft:gravel":10,"minecraft:sand":1,"justhammers:stone_hammer":4,"minecraft:white_bed":12,"minecraft:stone_axe":2,"minecraft:granite":423,"minecraft:bread":125,"minecraft:oak_sapling":16,"minecraft:coal":151},"minecraft:dropped":{"minecraft:bread":10,"minecraft:wheat_seeds":2,"minecraft:cooked_porkchop":4,"minecraft:feather":2,"minecraft:cobblestone":62,"minecraft:stick":4,"minecraft:cobweb":1,"minecraft:diorite":9,"minecraft:oak_planks":5,"justhammers:stone_hammer":2,"minecraft:hay_block":1,"minecraft:stone":5,"minecraft:gunpowder":3,"minecraft:andesite":1,"minecraft:wooden_pickaxe":2}},"DataVersion":3120}