{"stats":{"minecraft:killed_by":{"sanitydim:sneaking_terror":1,"minecraft:spider":2,"sanitydim:rotting_stalker":1,"cavenoise_overhaul:cavenoise_overhaul":1},"minecraft:crafted":{"minecraft:oak_planks":88,"sophisticatedbackpacks:backpack":1,"minecraft:crafting_table":7,"minecraft:wooden_pickaxe":3,"minecraft:furnace":1,"minecraft:stone":8,"minecraft:birch_planks":4,"minecraft:stone_axe":2,"minecraft:bread":93,"minecraft:air":0,"justhammers:stone_hammer":1,"minecraft:stick":24,"minecraft:stone_pickaxe":2,"minecraft:stone_sword":2,"minecraft:chest":1,"minecraft:white_bed":1,"minecraft:torch":20,"minecraft:wheat":279},"minecraft:killed":{"minecraft:pig":1,"minecraft:witch":1,"minecraft:sheep":3,"whisperwoods:wisp":2,"minecraft:cow":2},"minecraft:mined":{"minecraft:dark_oak_planks":1,"horror_element_mod:slashed_skull":1,"minecraft:white_bed":3,"horror_element_mod:impaled_skeleton":1,"minecraft:glass_pane":4,"minecraft:oak_fence":1,"minecraft:crafting_table":6,"minecraft:torch":1,"minecraft:grass_block":18,"minecraft:cobblestone":3,"minecraft:tall_grass":1,"minecraft:moss_block":2,"minecraft:oak_planks":5,"minecraft:sugar_cane":1,"minecraft:wall_torch":5,"minecraft:spawner":1,"minecraft:hay_block":45,"horror_element_mod:rotten_body":1,"minecraft:birch_log":1,"minecraft:fire":1,"horror_element_mod:spiked_villager":1,"minecraft:sweet_berry_bush":7,"minecraft:lilac":3,"treechop:chopped_log":7,"minecraft:yellow_bed":1,"minecraft:grass":8,"minecraft:oak_log":2,"minecraft:coal_ore":23,"minecraft:vine":1,"minecraft:sand":1,"minecraft:dirt":33,"horror_element_mod:crucified_body":1,"minecraft:cobweb":9,"minecraft:stone":157,"horror_element_mod:spider_head":1,"minecraft:oak_leaves":6},"minecraft:custom":{"minecraft:interact_with_furnace":5,"minecraft:mob_kills":8,"minecraft:interact_with_crafting_table":19,"minecraft:leave_game":2,"minecraft:time_since_death":22980,"minecraft:sleep_in_bed":5,"minecraft:climb_one_cm":1629,"minecraft:time_since_rest":11422,"minecraft:sprint_one_cm":137502,"minecraft:damage_taken":1733,"minecraft:walk_one_cm":168866,"minecraft:trigger_trapped_chest":1,"minecraft:drop":8,"minecraft:damage_dealt":2888,"minecraft:talked_to_villager":1,"minecraft:fly_one_cm":104682,"minecraft:open_chest":4,"minecraft:crouch_one_cm":5439,"minecraft:play_time":63372,"minecraft:deaths":5,"minecraft:sneak_time":2522,"minecraft:walk_under_water_one_cm":849,"minecraft:jump":702,"minecraft:walk_on_water_one_cm":4961,"minecraft:total_world_time":63372,"minecraft:fall_one_cm":12846},"minecraft:used":{"minecraft:moss_block":5,"minecraft:oak_fence":1,"minecraft:stone_sword":65,"minecraft:stone_pickaxe":134,"minecraft:oak_planks":16,"minecraft:wooden_pickaxe":68,"minecraft:torch":49,"minecraft:dirt":7,"minecraft:mutton":4,"minecraft:crafting_table":12,"minecraft:white_bed":5,"minecraft:apple":2,"minecraft:bread":8,"justhammers:stone_hammer":74,"minecraft:stone_axe":10,"minecraft:cobblestone":42,"minecraft:sweet_berries":3,"minecraft:furnace":1,"minecraft:oak_sapling":2,"minecraft:yellow_bed":1,"minecraft:cobweb":7},"minecraft:dropped":{"minecraft:bread":10,"minecraft:feather":2,"minecraft:stick":4,"minecraft:hay_block":1,"minecraft:stone":5,"minecraft:wooden_pickaxe":2},"minecraft:picked_up":{"minecraft:birch_log":1,"minecraft:wheat":36,"minecraft:crafting_table":7,"minecraft:feather":2,"minecraft:lilac":2,"minecraft:andesite":5,"minecraft:chest_minecart":1,"minecraft:leather":4,"minecraft:oak_log":33,"minecraft:yellow_bed":1,"minecraft:dirt":50,"minecraft:string":8,"minecraft:bone":8,"minecraft:apple":3,"minecraft:wheat_seeds":1,"minecraft:beef":5,"minecraft:cobweb":8,"minecraft:moss_block":2,"minecraft:sugar_cane":2,"minecraft:oak_planks":18,"horror_element_mod:spider_head":2,"minecraft:stick":12,"horror_element_mod:slashed_skull":2,"minecraft:sweet_berries":13,"minecraft:oak_fence":1,"minecraft:torch":30,"minecraft:porkchop":3,"minecraft:sand":1,"minecraft:white_bed":5,"minecraft:stone_sword":1,"minecraft:rotten_flesh":24,"minecraft:hay_block":43,"minecraft:oak_sapling":12,"minecraft:mutton":4,"minecraft:skeleton_skull":5,"minecraft:coal":48,"minecraft:white_wool":3,"minecraft:cobblestone":433},"minecraft:broken":{"minecraft:stone_pickaxe":1}},"DataVersion":3120}