{"stats":{"minecraft:killed_by":{"yeti:yeti":1,"minecraft:creeper":1,"minecraft:spider":2,"sanitydim:rotting_stalker":1,"sanitydim:sneaking_terror":1,"cavenoise_overhaul:cavenoise_overhaul":2},"minecraft:crafted":{"minecraft:black_dye":3,"minecraft:light_gray_concrete_powder":8,"minecraft:oak_door":3,"minecraft:oak_planks":184,"minecraft:iron_nugget":9,"minecraft:furnace":2,"minecraft:cobblestone_stairs":80,"minecraft:stone":73,"minecraft:gray_dye":6,"minecraft:bone_meal":3,"minecraft:gray_wool":2,"minecraft:stone_pickaxe":4,"minecraft:chest":7,"cgm:workbench":1,"minecraft:wheat":279,"sophisticatedbackpacks:backpack":1,"minecraft:crafting_table":8,"minecraft:wooden_pickaxe":3,"minecraft:iron_helmet":1,"minecraft:polished_granite":68,"minecraft:copper_ingot":75,"minecraft:birch_planks":4,"minecraft:stone_axe":3,"minecraft:bread":93,"minecraft:air":0,"minecraft:oak_fence_gate":3,"minecraft:white_dye":3,"minecraft:iron_chestplate":1,"minecraft:gold_nugget":63,"justhammers:stone_hammer":7,"minecraft:stick":100,"minecraft:iron_ingot":67,"minecraft:iron_pickaxe":1,"minecraft:stone_sword":2,"minecraft:gold_ingot":20,"minecraft:iron_leggings":1,"minecraft:light_gray_dye":1,"minecraft:white_bed":1,"minecraft:torch":172},"minecraft:killed":{"minecraft:witch":1,"minecraft:spider":5,"minecraft:skeleton":4,"whisperwoods:wisp":2,"cavenoise_overhaul:cavenoise_overhaul":2,"rottencreatures:undead_miner":1,"minecraft:pig":1,"minecraft:creeper":4,"minecraft:squid":2,"minecraft:sheep":6,"minecraft:zombie":11,"minecraft:cow":2},"minecraft:mined":{"minecraft:dark_oak_planks":1,"minecraft:tuff":4,"minecraft:white_bed":5,"weeping_angels:deepslate_kontron_ore":2,"minecraft:cobblestone_stairs":3,"horror_element_mod:hanging_villager":1,"minecraft:granite":3,"minecraft:grass_block":20,"horror_element_mod:bloody_tombstone":1,"minecraft:moss_block":2,"minecraft:oxeye_daisy":1,"minecraft:spawner":1,"horror_element_mod:herobrine_head":1,"minecraft:hay_block":45,"horror_element_mod:rotten_body":1,"horror_element_mod:villager_head":2,"minecraft:carrots":3,"minecraft:cobbled_deepslate":3,"minecraft:iron_ore":24,"minecraft:fire":6,"minecraft:andesite":15,"treechop:chopped_log":9,"horror_element_mod:severed_hand":1,"minecraft:deepslate_iron_ore":31,"minecraft:vine":1,"minecraft:light_gray_concrete":3,"horror_element_mod:crucified_body":1,"minecraft:stone":256,"minecraft:white_wool":1,"horror_element_mod:spider_head":2,"minecraft:deepslate_redstone_ore":8,"horror_element_mod:slashed_skull":1,"horror_element_mod:impaled_skeleton":2,"minecraft:glass_pane":4,"horror_element_mod:beheaded_body":2,"minecraft:smoker":1,"minecraft:polished_granite":13,"minecraft:oak_fence":1,"minecraft:crafting_table":6,"minecraft:torch":15,"minecraft:tall_grass":3,"minecraft:cobblestone":55,"minecraft:deepslate_gold_ore":17,"minecraft:sugar_cane":1,"minecraft:oak_planks":5,"minecraft:wall_torch":31,"minecraft:yellow_wool":1,"minecraft:birch_log":1,"horror_element_mod:spiked_villager":2,"minecraft:sweet_berry_bush":7,"minecraft:lilac":3,"weeping_angels:kontron_ore":3,"minecraft:yellow_bed":1,"minecraft:grass":11,"minecraft:coal_ore":23,"minecraft:oak_log":30,"minecraft:gravel":5,"minecraft:sand":10,"minecraft:dirt":41,"minecraft:cobweb":9,"minecraft:gold_ore":3,"minecraft:oak_leaves":6,"minecraft:deepslate":12},"minecraft:custom":{"minecraft:mob_kills":40,"minecraft:animals_bred":2,"minecraft:interact_with_crafting_table":58,"minecraft:leave_game":2,"minecraft:time_since_death":44513,"minecraft:climb_one_cm":2628,"minecraft:sprint_one_cm":566189,"minecraft:walk_one_cm":520169,"minecraft:drop":40,"minecraft:damage_dealt_absorbed":120,"minecraft:talked_to_villager":1,"minecraft:play_time":207372,"minecraft:deaths":9,"minecraft:sneak_time":4427,"minecraft:walk_under_water_one_cm":12252,"minecraft:jump":2495,"minecraft:walk_on_water_one_cm":26700,"minecraft:total_world_time":207372,"minecraft:interact_with_furnace":56,"minecraft:sleep_in_bed":21,"minecraft:time_since_rest":2476,"minecraft:damage_taken":4344,"minecraft:trigger_trapped_chest":3,"minecraft:damage_dealt":10780,"minecraft:swim_one_cm":52026,"minecraft:fly_one_cm":432017,"minecraft:open_chest":72,"minecraft:crouch_one_cm":8489,"minecraft:interact_with_smoker":4,"minecraft:fall_one_cm":44350},"minecraft:used":{"minecraft:oak_fence":1,"minecraft:moss_block":5,"minecraft:stone_sword":129,"minecraft:chest":6,"minecraft:iron_chestplate":1,"minecraft:oak_door":1,"minecraft:torch":274,"minecraft:dirt":48,"minecraft:mutton":4,"cgm:workbench":1,"minecraft:granite":8,"minecraft:oak_fence_gate":3,"horror_element_mod:human_remains":4,"horror_element_mod:villager_head":2,"minecraft:iron_boots":1,"minecraft:sweet_berries":3,"minecraft:oak_sapling":7,"minecraft:furnace":2,"minecraft:egg":1,"minecraft:cobbled_deepslate":6,"minecraft:pointed_dripstone":1,"minecraft:cooked_mutton":1,"minecraft:water_bucket":2,"minecraft:cobblestone_stairs":53,"minecraft:stone_pickaxe":364,"minecraft:oak_planks":16,"horror_element_mod:slashed_skull":1,"minecraft:wooden_pickaxe":68,"minecraft:sand":1,"horror_element_mod:spider_head":2,"minecraft:crafting_table":13,"minecraft:white_bed":15,"minecraft:light_gray_concrete_powder":3,"minecraft:smoker":1,"minecraft:apple":2,"minecraft:bread":52,"minecraft:iron_pickaxe":71,"minecraft:polished_granite":83,"cgm:assault_rifle":493,"justhammers:stone_hammer":630,"minecraft:stone_axe":107,"minecraft:cobblestone":220,"minecraft:andesite":5,"minecraft:bucket":2,"minecraft:yellow_bed":1,"minecraft:cobweb":7},"minecraft:broken":{"minecraft:stone_sword":1,"minecraft:stone_pickaxe":2,"justhammers:stone_hammer":5,"minecraft:stone_axe":1},"minecraft:dropped":{"minecraft:bread":10,"minecraft:wheat_seeds":2,"minecraft:cooked_porkchop":4,"minecraft:feather":2,"minecraft:cobblestone":64,"minecraft:stick":4,"minecraft:cobweb":1,"minecraft:diorite":9,"minecraft:mutton":2,"minecraft:tuff":8,"minecraft:oak_planks":5,"justhammers:stone_hammer":2,"minecraft:hay_block":1,"minecraft:stone":5,"minecraft:gunpowder":3,"minecraft:andesite":3,"minecraft:wooden_pickaxe":2},"minecraft:picked_up":{"minecraft:iron_chestplate":1,"minecraft:crafting_table":7,"minecraft:wheat":36,"cgm:basic_bullet":960,"minecraft:yellow_wool":1,"minecraft:chest_minecart":1,"minecraft:chain":1,"minecraft:music_disc_cat":1,"minecraft:string":16,"minecraft:raw_copper":27,"minecraft:iron_leggings":1,"minecraft:cobbled_deepslate":15,"minecraft:beef":5,"minecraft:iron_nugget":28,"minecraft:sugar_cane":2,"minecraft:egg":1,"minecraft:iron_boots":2,"minecraft:stick":53,"minecraft:raw_iron":83,"minecraft:stone":134,"horror_element_mod:slashed_skull":2,"minecraft:oak_fence":1,"minecraft:torch":151,"sophisticatedbackpacks:backpack":4,"minecraft:porkchop":6,"minecraft:pointed_dripstone":1,"minecraft:diorite":284,"minecraft:redstone":35,"minecraft:carrot":9,"minecraft:iron_horse_armor":1,"horror_element_mod:herobrine_head":1,"minecraft:arrow":7,"minecraft:stone_sword":1,"minecraft:rotten_flesh":65,"cgm:assault_rifle":1,"minecraft:hay_block":54,"minecraft:mutton":9,"minecraft:cobblestone":4313,"minecraft:skeleton_skull":10,"minecraft:white_wool":7,"minecraft:oxeye_daisy":1,"minecraft:birch_log":1,"minecraft:feather":2,"minecraft:lilac":2,"minecraft:water_bucket":2,"minecraft:andesite":248,"minecraft:leather":4,"minecraft:smoker":1,"minecraft:tuff":8,"minecraft:oak_log":115,"horror_element_mod:villager_head":2,"minecraft:yellow_bed":1,"minecraft:cobblestone_stairs":33,"minecraft:gunpowder":20,"minecraft:dirt":76,"minecraft:light_gray_concrete_powder":5,"minecraft:polished_granite":21,"weeping_angels:kontron_ingot":18,"minecraft:cooked_mutton":13,"minecraft:bone":25,"minecraft:apple":6,"minecraft:wheat_seeds":7,"minecraft:raw_gold":20,"minecraft:iron_ingot":13,"minecraft:stone_pickaxe":3,"minecraft:cobweb":10,"minecraft:moss_block":4,"horror_element_mod:spider_head":3,"minecraft:oak_planks":31,"minecraft:cooked_porkchop":4,"minecraft:sweet_berries":13,"cgm:specialised_grip":1,"minecraft:gravel":11,"minecraft:sand":14,"justhammers:stone_hammer":5,"minecraft:ink_sac":3,"minecraft:white_bed":15,"minecraft:spider_eye":1,"minecraft:light_gray_concrete":3,"minecraft:pumpkin_seeds":3,"cgm:tactical_stock":1,"minecraft:stone_axe":2,"minecraft:iron_helmet":1,"minecraft:granite":423,"minecraft:golden_horse_armor":1,"minecraft:bread":175,"minecraft:oak_sapling":16,"minecraft:coal":151}},"DataVersion":3120}