{"stats":{"minecraft:killed_by":{"minecraft:spider":2,"sanitydim:rotting_stalker":1,"cavenoise_overhaul:cavenoise_overhaul":1},"minecraft:crafted":{"minecraft:oak_planks":60,"minecraft:crafting_table":4,"minecraft:wooden_pickaxe":1,"minecraft:birch_planks":4,"minecraft:stone_axe":1,"minecraft:stick":12,"minecraft:stone_pickaxe":1,"minecraft:stone_sword":1,"minecraft:white_bed":1,"minecraft:torch":20,"minecraft:wheat":99},"minecraft:killed":{"minecraft:sheep":3,"whisperwoods:wisp":2},"minecraft:mined":{"minecraft:dark_oak_planks":1,"horror_element_mod:slashed_skull":1,"horror_element_mod:impaled_skeleton":1,"minecraft:oak_fence":1,"minecraft:crafting_table":3,"minecraft:torch":1,"minecraft:grass_block":3,"minecraft:tall_grass":1,"minecraft:sugar_cane":1,"minecraft:wall_torch":2,"minecraft:spawner":1,"minecraft:hay_block":14,"horror_element_mod:rotten_body":1,"minecraft:birch_log":1,"minecraft:fire":1,"horror_element_mod:spiked_villager":1,"minecraft:sweet_berry_bush":7,"minecraft:lilac":3,"treechop:chopped_log":6,"minecraft:yellow_bed":1,"minecraft:grass":4,"minecraft:oak_log":1,"minecraft:coal_ore":18,"minecraft:vine":1,"minecraft:sand":1,"minecraft:dirt":9,"horror_element_mod:crucified_body":1,"minecraft:cobweb":1,"minecraft:stone":8,"horror_element_mod:spider_head":1,"minecraft:oak_leaves":6},"minecraft:custom":{"minecraft:interact_with_furnace":2,"minecraft:mob_kills":5,"minecraft:interact_with_crafting_table":5,"minecraft:leave_game":2,"minecraft:time_since_death":5232,"minecraft:sleep_in_bed":2,"minecraft:climb_one_cm":1629,"minecraft:time_since_rest":3839,"minecraft:sprint_one_cm":94217,"minecraft:damage_taken":1305,"minecraft:walk_one_cm":67322,"minecraft:trigger_trapped_chest":1,"minecraft:drop":4,"minecraft:damage_dealt":363,"minecraft:fly_one_cm":66990,"minecraft:open_chest":3,"minecraft:crouch_one_cm":1143,"minecraft:play_time":33372,"minecraft:deaths":4,"minecraft:sneak_time":360,"minecraft:walk_under_water_one_cm":849,"minecraft:jump":478,"minecraft:walk_on_water_one_cm":4876,"minecraft:total_world_time":33372,"minecraft:fall_one_cm":7555},"minecraft:used":{"minecraft:oak_fence":1,"minecraft:stone_sword":4,"minecraft:stone_pickaxe":1,"minecraft:wooden_pickaxe":26,"minecraft:torch":31,"minecraft:mutton":4,"minecraft:crafting_table":4,"minecraft:white_bed":1,"minecraft:apple":2,"minecraft:stone_axe":9,"minecraft:sweet_berries":3,"minecraft:yellow_bed":1},"minecraft:dropped":{"minecraft:feather":2,"minecraft:hay_block":1,"minecraft:wooden_pickaxe":1},"minecraft:picked_up":{"minecraft:birch_log":1,"minecraft:crafting_table":3,"minecraft:feather":2,"minecraft:lilac":2,"minecraft:chest_minecart":1,"minecraft:oak_log":26,"minecraft:yellow_bed":1,"minecraft:dirt":12,"minecraft:string":1,"minecraft:bone":4,"minecraft:apple":2,"minecraft:sugar_cane":2,"horror_element_mod:spider_head":1,"minecraft:stick":11,"horror_element_mod:slashed_skull":1,"minecraft:sweet_berries":13,"minecraft:oak_fence":1,"minecraft:torch":3,"minecraft:sand":1,"minecraft:white_bed":1,"minecraft:rotten_flesh":12,"minecraft:hay_block":12,"minecraft:oak_sapling":9,"minecraft:mutton":4,"minecraft:coal":18,"minecraft:white_wool":3,"minecraft:cobblestone":8}},"DataVersion":3120}