{"stats":{"minecraft:killed_by":{"sanitydim:sneaking_terror":1,"minecraft:spider":2,"sanitydim:rotting_stalker":1,"cavenoise_overhaul:cavenoise_overhaul":1},"minecraft:crafted":{"minecraft:oak_planks":124,"sophisticatedbackpacks:backpack":1,"minecraft:crafting_table":7,"minecraft:wooden_pickaxe":3,"minecraft:furnace":1,"minecraft:polished_granite":68,"minecraft:stone":40,"minecraft:birch_planks":4,"minecraft:stone_axe":2,"minecraft:bread":93,"minecraft:air":0,"minecraft:oak_fence_gate":3,"justhammers:stone_hammer":4,"minecraft:stick":52,"minecraft:stone_pickaxe":3,"minecraft:stone_sword":2,"minecraft:chest":3,"minecraft:white_bed":1,"minecraft:torch":76,"minecraft:oak_door":3,"minecraft:wheat":279},"minecraft:killed":{"minecraft:pig":1,"minecraft:witch":1,"minecraft:sheep":3,"whisperwoods:wisp":2,"minecraft:cow":2},"minecraft:mined":{"minecraft:dark_oak_planks":1,"horror_element_mod:slashed_skull":1,"minecraft:white_bed":5,"horror_element_mod:impaled_skeleton":1,"minecraft:glass_pane":4,"minecraft:smoker":1,"minecraft:polished_granite":11,"minecraft:oak_fence":1,"minecraft:crafting_table":6,"minecraft:torch":3,"minecraft:granite":3,"minecraft:grass_block":20,"minecraft:cobblestone":17,"minecraft:tall_grass":1,"minecraft:moss_block":2,"minecraft:oak_planks":5,"minecraft:sugar_cane":1,"minecraft:wall_torch":10,"minecraft:spawner":1,"minecraft:hay_block":45,"horror_element_mod:rotten_body":1,"minecraft:carrots":3,"minecraft:birch_log":1,"minecraft:fire":2,"horror_element_mod:spiked_villager":1,"minecraft:sweet_berry_bush":7,"minecraft:lilac":3,"weeping_angels:kontron_ore":1,"minecraft:andesite":11,"treechop:chopped_log":9,"minecraft:yellow_bed":1,"minecraft:grass":9,"minecraft:oak_log":30,"minecraft:coal_ore":23,"minecraft:vine":1,"minecraft:sand":1,"minecraft:dirt":41,"horror_element_mod:crucified_body":1,"minecraft:cobweb":9,"minecraft:stone":228,"horror_element_mod:spider_head":2,"minecraft:oak_leaves":6},"minecraft:custom":{"minecraft:interact_with_furnace":13,"minecraft:mob_kills":8,"minecraft:animals_bred":2,"minecraft:interact_with_crafting_table":32,"minecraft:leave_game":2,"minecraft:time_since_death":58980,"minecraft:sleep_in_bed":9,"minecraft:climb_one_cm":1629,"minecraft:time_since_rest":12547,"minecraft:sprint_one_cm":251331,"minecraft:damage_taken":1793,"minecraft:walk_one_cm":294258,"minecraft:trigger_trapped_chest":1,"minecraft:drop":12,"minecraft:damage_dealt":6726,"minecraft:talked_to_villager":1,"minecraft:fly_one_cm":169695,"minecraft:open_chest":12,"minecraft:crouch_one_cm":6146,"minecraft:play_time":99372,"minecraft:deaths":5,"minecraft:sneak_time":2815,"minecraft:walk_under_water_one_cm":849,"minecraft:jump":1064,"minecraft:walk_on_water_one_cm":5281,"minecraft:interact_with_smoker":1,"minecraft:total_world_time":99372,"minecraft:fall_one_cm":18135},"minecraft:used":{"minecraft:moss_block":5,"minecraft:oak_fence":1,"minecraft:stone_sword":129,"minecraft:stone_pickaxe":246,"horror_element_mod:slashed_skull":1,"minecraft:oak_planks":16,"minecraft:chest":2,"minecraft:wooden_pickaxe":68,"minecraft:oak_door":1,"minecraft:torch":106,"horror_element_mod:spider_head":2,"minecraft:dirt":8,"minecraft:mutton":4,"minecraft:crafting_table":12,"minecraft:white_bed":9,"minecraft:smoker":1,"minecraft:oak_fence_gate":3,"minecraft:granite":5,"minecraft:apple":2,"minecraft:bread":13,"minecraft:polished_granite":81,"justhammers:stone_hammer":270,"minecraft:stone_axe":57,"minecraft:cobblestone":150,"minecraft:sweet_berries":3,"minecraft:furnace":1,"minecraft:oak_sapling":7,"minecraft:bucket":2,"minecraft:yellow_bed":1,"minecraft:water_bucket":2,"minecraft:cobweb":7},"minecraft:dropped":{"minecraft:bread":10,"minecraft:feather":2,"minecraft:oak_planks":5,"minecraft:stick":4,"justhammers:stone_hammer":2,"minecraft:hay_block":1,"minecraft:stone":5,"minecraft:gunpowder":3,"minecraft:wooden_pickaxe":2},"minecraft:picked_up":{"minecraft:birch_log":1,"minecraft:wheat":36,"minecraft:crafting_table":7,"minecraft:feather":2,"minecraft:lilac":2,"minecraft:andesite":27,"minecraft:chest_minecart":1,"minecraft:leather":4,"minecraft:smoker":1,"minecraft:oak_log":72,"minecraft:yellow_bed":1,"minecraft:gunpowder":3,"minecraft:dirt":60,"minecraft:string":8,"minecraft:polished_granite":19,"minecraft:raw_copper":27,"weeping_angels:kontron_ingot":2,"minecraft:cooked_mutton":7,"minecraft:bone":12,"minecraft:apple":4,"minecraft:wheat_seeds":2,"minecraft:beef":5,"minecraft:cobweb":8,"minecraft:moss_block":2,"minecraft:sugar_cane":2,"minecraft:oak_planks":23,"horror_element_mod:spider_head":3,"minecraft:stick":21,"horror_element_mod:slashed_skull":2,"minecraft:sweet_berries":13,"minecraft:oak_fence":1,"minecraft:torch":48,"minecraft:porkchop":3,"minecraft:sand":1,"justhammers:stone_hammer":1,"minecraft:white_bed":9,"minecraft:carrot":9,"minecraft:stone_sword":1,"minecraft:rotten_flesh":24,"minecraft:hay_block":43,"minecraft:granite":222,"minecraft:oak_sapling":16,"minecraft:mutton":4,"minecraft:skeleton_skull":5,"minecraft:coal":76,"minecraft:white_wool":3,"minecraft:cobblestone":1691,"minecraft:water_bucket":1},"minecraft:broken":{"minecraft:stone_pickaxe":1,"justhammers:stone_hammer":2,"minecraft:stone_sword":1}},"DataVersion":3120}