{"stats":{"minecraft:killed_by":{"minecraft:spider":2,"sanitydim:rotting_stalker":1,"sanitydim:sneaking_terror":1,"cavenoise_overhaul:cavenoise_overhaul":2},"minecraft:crafted":{"minecraft:oak_door":3,"minecraft:oak_planks":136,"minecraft:furnace":1,"minecraft:stone":55,"minecraft:stone_pickaxe":4,"minecraft:chest":3,"minecraft:wheat":279,"sophisticatedbackpacks:backpack":1,"minecraft:crafting_table":7,"minecraft:wooden_pickaxe":3,"minecraft:polished_granite":68,"minecraft:birch_planks":4,"minecraft:stone_axe":2,"minecraft:bread":93,"minecraft:air":0,"minecraft:oak_fence_gate":3,"justhammers:stone_hammer":6,"minecraft:stick":68,"minecraft:stone_sword":2,"minecraft:white_bed":1,"minecraft:torch":84},"minecraft:killed":{"minecraft:witch":1,"whisperwoods:wisp":2,"minecraft:pig":1,"minecraft:sheep":3,"minecraft:cow":2},"minecraft:mined":{"minecraft:dark_oak_planks":1,"minecraft:white_bed":5,"minecraft:granite":3,"minecraft:grass_block":20,"minecraft:moss_block":2,"minecraft:spawner":1,"minecraft:hay_block":45,"horror_element_mod:rotten_body":1,"minecraft:carrots":3,"minecraft:fire":2,"minecraft:andesite":11,"treechop:chopped_log":9,"minecraft:vine":1,"horror_element_mod:crucified_body":1,"minecraft:stone":246,"horror_element_mod:spider_head":2,"horror_element_mod:slashed_skull":1,"horror_element_mod:impaled_skeleton":1,"minecraft:glass_pane":4,"minecraft:smoker":1,"minecraft:polished_granite":11,"minecraft:oak_fence":1,"minecraft:crafting_table":6,"minecraft:torch":3,"minecraft:tall_grass":1,"minecraft:cobblestone":35,"minecraft:sugar_cane":1,"minecraft:oak_planks":5,"minecraft:wall_torch":10,"minecraft:birch_log":1,"horror_element_mod:spiked_villager":1,"minecraft:sweet_berry_bush":7,"minecraft:lilac":3,"weeping_angels:kontron_ore":1,"minecraft:yellow_bed":1,"minecraft:grass":9,"minecraft:coal_ore":23,"minecraft:oak_log":30,"minecraft:gravel":3,"minecraft:sand":1,"minecraft:dirt":41,"minecraft:cobweb":9,"minecraft:oak_leaves":6},"minecraft:custom":{"minecraft:mob_kills":8,"minecraft:animals_bred":2,"minecraft:interact_with_crafting_table":36,"minecraft:leave_game":2,"minecraft:time_since_death":2542,"minecraft:climb_one_cm":1629,"minecraft:sprint_one_cm":303569,"minecraft:walk_one_cm":335069,"minecraft:drop":19,"minecraft:talked_to_villager":1,"minecraft:play_time":111372,"minecraft:deaths":6,"minecraft:sneak_time":2961,"minecraft:walk_under_water_one_cm":849,"minecraft:jump":1203,"minecraft:walk_on_water_one_cm":5281,"minecraft:total_world_time":111372,"minecraft:interact_with_furnace":14,"minecraft:sleep_in_bed":12,"minecraft:time_since_rest":831,"minecraft:damage_taken":2063,"minecraft:trigger_trapped_chest":1,"minecraft:damage_dealt":6726,"minecraft:fly_one_cm":202980,"minecraft:open_chest":13,"minecraft:crouch_one_cm":6366,"minecraft:interact_with_smoker":1,"minecraft:fall_one_cm":18135},"minecraft:used":{"minecraft:oak_fence":1,"minecraft:moss_block":5,"minecraft:stone_sword":129,"minecraft:chest":2,"minecraft:oak_door":1,"minecraft:torch":137,"minecraft:dirt":48,"minecraft:mutton":4,"minecraft:granite":8,"minecraft:oak_fence_gate":3,"minecraft:sweet_berries":3,"minecraft:oak_sapling":7,"minecraft:furnace":1,"minecraft:cooked_mutton":1,"minecraft:water_bucket":2,"minecraft:stone_pickaxe":282,"minecraft:oak_planks":16,"horror_element_mod:slashed_skull":1,"minecraft:wooden_pickaxe":68,"horror_element_mod:spider_head":2,"minecraft:crafting_table":12,"minecraft:white_bed":12,"minecraft:smoker":1,"minecraft:apple":2,"minecraft:bread":14,"minecraft:polished_granite":81,"justhammers:stone_hammer":371,"minecraft:stone_axe":57,"minecraft:cobblestone":184,"minecraft:bucket":2,"minecraft:yellow_bed":1,"minecraft:cobweb":7},"minecraft:broken":{"minecraft:stone_sword":1,"minecraft:stone_pickaxe":2,"justhammers:stone_hammer":3},"minecraft:picked_up":{"minecraft:crafting_table":7,"minecraft:wheat":36,"minecraft:chest_minecart":1,"minecraft:string":11,"minecraft:raw_copper":27,"minecraft:beef":5,"minecraft:iron_nugget":28,"minecraft:sugar_cane":2,"minecraft:stick":27,"minecraft:stone":134,"horror_element_mod:slashed_skull":2,"minecraft:oak_fence":1,"minecraft:torch":53,"sophisticatedbackpacks:backpack":2,"minecraft:porkchop":6,"minecraft:carrot":9,"minecraft:stone_sword":1,"minecraft:rotten_flesh":36,"minecraft:hay_block":54,"minecraft:mutton":4,"minecraft:cobblestone":3004,"minecraft:skeleton_skull":10,"minecraft:white_wool":3,"minecraft:birch_log":1,"minecraft:feather":2,"minecraft:lilac":2,"minecraft:water_bucket":2,"minecraft:andesite":28,"minecraft:leather":4,"minecraft:smoker":1,"minecraft:oak_log":99,"minecraft:yellow_bed":1,"minecraft:gunpowder":3,"minecraft:dirt":76,"minecraft:polished_granite":19,"weeping_angels:kontron_ingot":4,"minecraft:cooked_mutton":13,"minecraft:bone":20,"minecraft:apple":6,"minecraft:wheat_seeds":6,"minecraft:stone_pickaxe":1,"minecraft:cobweb":10,"minecraft:moss_block":4,"horror_element_mod:spider_head":3,"minecraft:oak_planks":31,"minecraft:cooked_porkchop":4,"minecraft:sweet_berries":13,"minecraft:gravel":6,"minecraft:sand":1,"justhammers:stone_hammer":3,"minecraft:white_bed":12,"minecraft:stone_axe":1,"minecraft:granite":233,"minecraft:bread":63,"minecraft:oak_sapling":16,"minecraft:coal":78},"minecraft:dropped":{"minecraft:bread":10,"minecraft:wheat_seeds":2,"minecraft:cooked_porkchop":4,"minecraft:feather":2,"minecraft:cobblestone":56,"minecraft:stick":4,"minecraft:cobweb":1,"minecraft:oak_planks":5,"justhammers:stone_hammer":2,"minecraft:hay_block":1,"minecraft:stone":5,"minecraft:gunpowder":3,"minecraft:wooden_pickaxe":2}},"DataVersion":3120}