{"stats":{"minecraft:killed_by":{"sanitydim:sneaking_terror":1,"minecraft:spider":2,"sanitydim:rotting_stalker":1,"cavenoise_overhaul:cavenoise_overhaul":1},"minecraft:crafted":{"minecraft:oak_planks":88,"sophisticatedbackpacks:backpack":1,"minecraft:crafting_table":7,"minecraft:wooden_pickaxe":3,"minecraft:furnace":1,"minecraft:stone":11,"minecraft:birch_planks":4,"minecraft:stone_axe":2,"minecraft:bread":93,"minecraft:air":0,"justhammers:stone_hammer":2,"minecraft:stick":32,"minecraft:stone_pickaxe":2,"minecraft:stone_sword":2,"minecraft:chest":2,"minecraft:white_bed":1,"minecraft:torch":40,"minecraft:wheat":279},"minecraft:killed":{"minecraft:pig":1,"minecraft:witch":1,"minecraft:sheep":3,"whisperwoods:wisp":2,"minecraft:cow":2},"minecraft:mined":{"minecraft:dark_oak_planks":1,"horror_element_mod:slashed_skull":1,"minecraft:white_bed":5,"horror_element_mod:impaled_skeleton":1,"minecraft:glass_pane":4,"minecraft:oak_fence":1,"minecraft:crafting_table":6,"minecraft:torch":1,"minecraft:grass_block":19,"minecraft:cobblestone":3,"minecraft:tall_grass":1,"minecraft:moss_block":2,"minecraft:oak_planks":5,"minecraft:sugar_cane":1,"minecraft:wall_torch":9,"minecraft:spawner":1,"minecraft:hay_block":45,"horror_element_mod:rotten_body":1,"minecraft:carrots":3,"minecraft:birch_log":1,"minecraft:fire":2,"horror_element_mod:spiked_villager":1,"minecraft:sweet_berry_bush":7,"minecraft:lilac":3,"treechop:chopped_log":9,"minecraft:yellow_bed":1,"minecraft:grass":8,"minecraft:oak_log":2,"minecraft:coal_ore":23,"minecraft:vine":1,"minecraft:sand":1,"minecraft:dirt":33,"horror_element_mod:crucified_body":1,"minecraft:cobweb":9,"minecraft:stone":157,"horror_element_mod:spider_head":2,"minecraft:oak_leaves":6},"minecraft:custom":{"minecraft:interact_with_furnace":8,"minecraft:mob_kills":8,"minecraft:interact_with_crafting_table":21,"minecraft:leave_game":2,"minecraft:time_since_death":34980,"minecraft:sleep_in_bed":8,"minecraft:climb_one_cm":1629,"minecraft:time_since_rest":2550,"minecraft:sprint_one_cm":190102,"minecraft:damage_taken":1773,"minecraft:walk_one_cm":212732,"minecraft:trigger_trapped_chest":1,"minecraft:drop":10,"minecraft:damage_dealt":6726,"minecraft:talked_to_villager":1,"minecraft:fly_one_cm":137275,"minecraft:open_chest":6,"minecraft:crouch_one_cm":5439,"minecraft:play_time":75372,"minecraft:deaths":5,"minecraft:sneak_time":2522,"minecraft:walk_under_water_one_cm":849,"minecraft:jump":860,"minecraft:walk_on_water_one_cm":4961,"minecraft:total_world_time":75372,"minecraft:fall_one_cm":15859},"minecraft:used":{"minecraft:moss_block":5,"minecraft:oak_fence":1,"minecraft:stone_sword":129,"minecraft:stone_pickaxe":134,"horror_element_mod:slashed_skull":1,"minecraft:oak_planks":16,"minecraft:chest":1,"minecraft:wooden_pickaxe":68,"minecraft:torch":69,"horror_element_mod:spider_head":2,"minecraft:dirt":7,"minecraft:mutton":4,"minecraft:crafting_table":12,"minecraft:white_bed":8,"minecraft:granite":1,"minecraft:apple":2,"minecraft:bread":10,"justhammers:stone_hammer":180,"minecraft:stone_axe":28,"minecraft:cobblestone":54,"minecraft:sweet_berries":3,"minecraft:furnace":1,"minecraft:oak_sapling":7,"minecraft:yellow_bed":1,"minecraft:cobweb":7},"minecraft:dropped":{"minecraft:bread":10,"minecraft:feather":2,"minecraft:oak_planks":5,"minecraft:stick":4,"minecraft:hay_block":1,"minecraft:stone":5,"minecraft:gunpowder":3,"minecraft:wooden_pickaxe":2},"minecraft:picked_up":{"minecraft:birch_log":1,"minecraft:wheat":36,"minecraft:crafting_table":7,"minecraft:feather":2,"minecraft:lilac":2,"minecraft:andesite":5,"minecraft:chest_minecart":1,"minecraft:leather":4,"minecraft:oak_log":45,"minecraft:yellow_bed":1,"minecraft:gunpowder":3,"minecraft:dirt":51,"minecraft:string":8,"minecraft:raw_copper":27,"minecraft:bone":12,"minecraft:apple":4,"minecraft:wheat_seeds":1,"minecraft:beef":5,"minecraft:cobweb":8,"minecraft:moss_block":2,"minecraft:sugar_cane":2,"minecraft:oak_planks":23,"horror_element_mod:spider_head":3,"minecraft:stick":21,"horror_element_mod:slashed_skull":2,"minecraft:sweet_berries":13,"minecraft:oak_fence":1,"minecraft:torch":36,"minecraft:porkchop":3,"minecraft:sand":1,"minecraft:white_bed":8,"minecraft:carrot":9,"minecraft:stone_sword":1,"minecraft:rotten_flesh":24,"minecraft:hay_block":43,"minecraft:granite":55,"minecraft:oak_sapling":16,"minecraft:mutton":4,"minecraft:skeleton_skull":5,"minecraft:coal":48,"minecraft:white_wool":3,"minecraft:cobblestone":898},"minecraft:broken":{"minecraft:stone_pickaxe":1,"justhammers:stone_hammer":2,"minecraft:stone_sword":1}},"DataVersion":3120}