{"stats":{"minecraft:killed_by":{"sanitydim:rotting_stalker":1,"minecraft:spider":2},"minecraft:crafted":{"minecraft:oak_planks":36,"minecraft:crafting_table":3,"minecraft:stick":8,"minecraft:wooden_pickaxe":1,"minecraft:stone_pickaxe":1,"minecraft:stone_sword":1,"minecraft:white_bed":1,"minecraft:torch":20,"minecraft:birch_planks":4,"minecraft:stone_axe":1},"minecraft:killed":{"minecraft:sheep":3,"whisperwoods:wisp":2},"minecraft:mined":{"minecraft:birch_log":1,"minecraft:sweet_berry_bush":7,"minecraft:lilac":3,"treechop:chopped_log":4,"minecraft:torch":1,"minecraft:crafting_table":3,"minecraft:grass":2,"minecraft:coal_ore":18,"minecraft:grass_block":3,"minecraft:oak_log":1,"minecraft:dirt":9,"minecraft:sand":1,"minecraft:cobweb":1,"minecraft:stone":8,"minecraft:sugar_cane":1,"minecraft:oak_leaves":6,"minecraft:wall_torch":1,"minecraft:spawner":1},"minecraft:used":{"minecraft:stone_sword":3,"minecraft:stone_pickaxe":1,"minecraft:wooden_pickaxe":26,"minecraft:torch":21,"minecraft:stone_axe":9,"minecraft:mutton":4,"minecraft:sweet_berries":3,"minecraft:crafting_table":4,"minecraft:white_bed":1},"minecraft:custom":{"minecraft:time_since_rest":6304,"minecraft:sprint_one_cm":68397,"minecraft:damage_taken":925,"minecraft:walk_one_cm":50711,"minecraft:mob_kills":5,"minecraft:drop":1,"minecraft:damage_dealt":339,"minecraft:interact_with_crafting_table":5,"minecraft:fly_one_cm":43769,"minecraft:open_chest":1,"minecraft:crouch_one_cm":556,"minecraft:play_time":27372,"minecraft:deaths":3,"minecraft:sneak_time":188,"minecraft:walk_under_water_one_cm":849,"minecraft:jump":366,"minecraft:leave_game":2,"minecraft:time_since_death":6249,"minecraft:walk_on_water_one_cm":2551,"minecraft:sleep_in_bed":1,"minecraft:climb_one_cm":1192,"minecraft:total_world_time":27372,"minecraft:fall_one_cm":5883},"minecraft:dropped":{"minecraft:wooden_pickaxe":1},"minecraft:picked_up":{"minecraft:birch_log":1,"minecraft:stick":8,"minecraft:crafting_table":3,"minecraft:lilac":2,"minecraft:sweet_berries":13,"minecraft:chest_minecart":1,"minecraft:torch":2,"minecraft:sand":1,"minecraft:oak_log":20,"minecraft:white_bed":1,"minecraft:string":1,"minecraft:dirt":12,"minecraft:apple":2,"minecraft:oak_sapling":6,"minecraft:sugar_cane":2,"minecraft:mutton":4,"minecraft:coal":18,"minecraft:white_wool":3,"minecraft:cobblestone":8}},"DataVersion":3120}