{"stats":{"minecraft:killed_by":{"minecraft:spider":2},"minecraft:crafted":{"minecraft:birch_planks":4,"minecraft:crafting_table":1},"minecraft:mined":{"minecraft:oak_log":1,"minecraft:sand":1,"minecraft:birch_log":1,"minecraft:sugar_cane":1,"treechop:chopped_log":1,"minecraft:oak_leaves":5},"minecraft:custom":{"minecraft:time_since_rest":912,"minecraft:crouch_one_cm":64,"minecraft:sprint_one_cm":18164,"minecraft:play_time":15372,"minecraft:deaths":2,"minecraft:damage_taken":610,"minecraft:walk_one_cm":18085,"minecraft:sneak_time":70,"minecraft:jump":111,"minecraft:damage_dealt":10,"minecraft:walk_on_water_one_cm":1649,"minecraft:leave_game":2,"minecraft:time_since_death":662,"minecraft:total_world_time":15372,"minecraft:fall_one_cm":2947,"minecraft:fly_one_cm":15683},"minecraft:picked_up":{"minecraft:birch_log":1,"minecraft:stick":2,"minecraft:sand":1,"minecraft:oak_log":6,"minecraft:oak_sapling":1,"minecraft:sugar_cane":2}},"DataVersion":3120}