{"stats":{"minecraft:killed_by":{"yeti:yeti":1,"minecraft:creeper":1,"minecraft:spider":2,"sanitydim:rotting_stalker":1,"sanitydim:sneaking_terror":1,"cavenoise_overhaul:cavenoise_overhaul":2},"minecraft:crafted":{"minecraft:light_gray_concrete_powder":8,"minecraft:oak_door":3,"minecraft:oak_planks":184,"minecraft:furnace":1,"minecraft:cobblestone_stairs":80,"minecraft:stone":73,"minecraft:stone_pickaxe":4,"minecraft:chest":7,"cgm:workbench":1,"minecraft:wheat":279,"sophisticatedbackpacks:backpack":1,"minecraft:crafting_table":8,"minecraft:wooden_pickaxe":3,"minecraft:iron_helmet":1,"minecraft:polished_granite":68,"minecraft:birch_planks":4,"minecraft:stone_axe":3,"minecraft:bread":93,"minecraft:air":0,"minecraft:oak_fence_gate":3,"minecraft:iron_chestplate":1,"justhammers:stone_hammer":7,"minecraft:stick":100,"minecraft:iron_ingot":37,"minecraft:iron_pickaxe":1,"minecraft:stone_sword":2,"minecraft:iron_leggings":1,"minecraft:light_gray_dye":1,"minecraft:white_bed":1,"minecraft:torch":172},"minecraft:killed":{"minecraft:witch":1,"minecraft:spider":2,"minecraft:skeleton":1,"whisperwoods:wisp":2,"rottencreatures:undead_miner":1,"minecraft:pig":1,"minecraft:creeper":2,"minecraft:sheep":3,"minecraft:zombie":3,"minecraft:cow":2},"minecraft:mined":{"minecraft:dark_oak_planks":1,"minecraft:white_bed":5,"weeping_angels:deepslate_kontron_ore":2,"minecraft:cobblestone_stairs":3,"minecraft:granite":3,"minecraft:grass_block":20,"minecraft:moss_block":2,"minecraft:oxeye_daisy":1,"minecraft:spawner":1,"minecraft:hay_block":45,"horror_element_mod:rotten_body":1,"minecraft:carrots":3,"minecraft:iron_ore":24,"minecraft:fire":2,"minecraft:andesite":15,"treechop:chopped_log":9,"minecraft:deepslate_iron_ore":1,"minecraft:vine":1,"minecraft:light_gray_concrete":3,"horror_element_mod:crucified_body":1,"minecraft:stone":255,"horror_element_mod:spider_head":2,"horror_element_mod:slashed_skull":1,"horror_element_mod:impaled_skeleton":1,"minecraft:glass_pane":4,"minecraft:smoker":1,"minecraft:polished_granite":13,"minecraft:oak_fence":1,"minecraft:crafting_table":6,"minecraft:torch":4,"minecraft:tall_grass":1,"minecraft:cobblestone":52,"minecraft:sugar_cane":1,"minecraft:oak_planks":5,"minecraft:wall_torch":16,"minecraft:birch_log":1,"horror_element_mod:spiked_villager":1,"minecraft:sweet_berry_bush":7,"minecraft:lilac":3,"weeping_angels:kontron_ore":3,"minecraft:yellow_bed":1,"minecraft:grass":9,"minecraft:coal_ore":23,"minecraft:oak_log":30,"minecraft:gravel":5,"minecraft:sand":10,"minecraft:dirt":41,"minecraft:cobweb":9,"minecraft:oak_leaves":6},"minecraft:custom":{"minecraft:mob_kills":17,"minecraft:animals_bred":2,"minecraft:interact_with_crafting_table":52,"minecraft:leave_game":2,"minecraft:time_since_death":5956,"minecraft:climb_one_cm":1726,"minecraft:sprint_one_cm":403994,"minecraft:walk_one_cm":415479,"minecraft:drop":35,"minecraft:damage_dealt_absorbed":120,"minecraft:talked_to_villager":1,"minecraft:play_time":147372,"minecraft:deaths":8,"minecraft:sneak_time":3718,"minecraft:walk_under_water_one_cm":1943,"minecraft:jump":1657,"minecraft:walk_on_water_one_cm":8976,"minecraft:total_world_time":147372,"minecraft:interact_with_furnace":28,"minecraft:sleep_in_bed":13,"minecraft:time_since_rest":5984,"minecraft:damage_taken":3344,"minecraft:trigger_trapped_chest":1,"minecraft:damage_dealt":10070,"minecraft:swim_one_cm":7394,"minecraft:fly_one_cm":273000,"minecraft:open_chest":39,"minecraft:crouch_one_cm":7304,"minecraft:interact_with_smoker":3,"minecraft:fall_one_cm":25403},"minecraft:used":{"minecraft:oak_fence":1,"minecraft:moss_block":5,"minecraft:stone_sword":129,"minecraft:chest":6,"minecraft:iron_chestplate":1,"minecraft:oak_door":1,"minecraft:torch":222,"minecraft:dirt":48,"minecraft:mutton":4,"cgm:workbench":1,"minecraft:granite":8,"minecraft:oak_fence_gate":3,"minecraft:iron_boots":1,"minecraft:sweet_berries":3,"minecraft:oak_sapling":7,"minecraft:furnace":1,"minecraft:cooked_mutton":1,"minecraft:water_bucket":2,"minecraft:cobblestone_stairs":53,"minecraft:stone_pickaxe":352,"minecraft:oak_planks":16,"horror_element_mod:slashed_skull":1,"minecraft:wooden_pickaxe":68,"minecraft:sand":1,"horror_element_mod:spider_head":2,"minecraft:crafting_table":13,"minecraft:white_bed":12,"minecraft:light_gray_concrete_powder":3,"minecraft:smoker":1,"minecraft:apple":2,"minecraft:bread":28,"minecraft:polished_granite":83,"justhammers:stone_hammer":618,"minecraft:stone_axe":96,"minecraft:cobblestone":217,"minecraft:andesite":5,"minecraft:bucket":2,"minecraft:yellow_bed":1,"minecraft:cobweb":7},"minecraft:broken":{"minecraft:stone_sword":1,"minecraft:stone_pickaxe":2,"justhammers:stone_hammer":5,"minecraft:stone_axe":1},"minecraft:dropped":{"minecraft:bread":10,"minecraft:wheat_seeds":2,"minecraft:cooked_porkchop":4,"minecraft:feather":2,"minecraft:cobblestone":62,"minecraft:stick":4,"minecraft:cobweb":1,"minecraft:diorite":9,"minecraft:oak_planks":5,"justhammers:stone_hammer":2,"minecraft:hay_block":1,"minecraft:stone":5,"minecraft:gunpowder":3,"minecraft:andesite":1,"minecraft:wooden_pickaxe":2},"minecraft:picked_up":{"minecraft:iron_chestplate":1,"minecraft:crafting_table":7,"minecraft:wheat":36,"minecraft:chest_minecart":1,"minecraft:music_disc_cat":1,"minecraft:string":15,"minecraft:raw_copper":27,"minecraft:iron_leggings":1,"minecraft:beef":5,"minecraft:iron_nugget":28,"minecraft:sugar_cane":2,"minecraft:iron_boots":2,"minecraft:stick":53,"minecraft:raw_iron":53,"minecraft:stone":134,"horror_element_mod:slashed_skull":2,"minecraft:oak_fence":1,"minecraft:torch":122,"sophisticatedbackpacks:backpack":4,"minecraft:porkchop":6,"minecraft:diorite":284,"minecraft:carrot":9,"minecraft:iron_horse_armor":1,"minecraft:arrow":4,"minecraft:stone_sword":1,"minecraft:rotten_flesh":44,"minecraft:hay_block":54,"minecraft:mutton":4,"minecraft:cobblestone":4310,"minecraft:skeleton_skull":10,"minecraft:white_wool":3,"minecraft:oxeye_daisy":1,"minecraft:birch_log":1,"minecraft:feather":2,"minecraft:lilac":2,"minecraft:water_bucket":2,"minecraft:andesite":248,"minecraft:leather":4,"minecraft:smoker":1,"minecraft:oak_log":115,"minecraft:yellow_bed":1,"minecraft:cobblestone_stairs":33,"minecraft:gunpowder":18,"minecraft:dirt":76,"minecraft:light_gray_concrete_powder":5,"minecraft:polished_granite":21,"weeping_angels:kontron_ingot":18,"minecraft:cooked_mutton":13,"minecraft:bone":20,"minecraft:apple":6,"minecraft:wheat_seeds":6,"minecraft:iron_ingot":12,"minecraft:stone_pickaxe":3,"minecraft:cobweb":10,"minecraft:moss_block":4,"horror_element_mod:spider_head":3,"minecraft:oak_planks":31,"minecraft:cooked_porkchop":4,"minecraft:sweet_berries":13,"minecraft:gravel":11,"minecraft:sand":14,"justhammers:stone_hammer":5,"minecraft:white_bed":12,"minecraft:light_gray_concrete":3,"minecraft:pumpkin_seeds":3,"minecraft:stone_axe":2,"minecraft:iron_helmet":1,"minecraft:granite":423,"minecraft:golden_horse_armor":1,"minecraft:bread":175,"minecraft:oak_sapling":16,"minecraft:coal":151}},"DataVersion":3120}