{"stats":{"minecraft:killed_by":{"sanitydim:sneaking_terror":1,"minecraft:spider":2,"sanitydim:rotting_stalker":1,"cavenoise_overhaul:cavenoise_overhaul":1},"minecraft:crafted":{"minecraft:oak_planks":64,"minecraft:crafting_table":7,"minecraft:wooden_pickaxe":2,"minecraft:birch_planks":4,"minecraft:stone_axe":1,"minecraft:bread":93,"minecraft:stick":12,"minecraft:stone_pickaxe":1,"minecraft:stone_sword":2,"minecraft:white_bed":1,"minecraft:torch":20,"minecraft:wheat":279},"minecraft:killed":{"minecraft:pig":1,"minecraft:witch":1,"minecraft:sheep":3,"whisperwoods:wisp":2,"minecraft:cow":2},"minecraft:mined":{"minecraft:dark_oak_planks":1,"horror_element_mod:slashed_skull":1,"minecraft:white_bed":2,"horror_element_mod:impaled_skeleton":1,"minecraft:glass_pane":4,"minecraft:oak_fence":1,"minecraft:crafting_table":4,"minecraft:torch":1,"minecraft:grass_block":3,"minecraft:cobblestone":3,"minecraft:tall_grass":1,"minecraft:moss_block":2,"minecraft:oak_planks":5,"minecraft:sugar_cane":1,"minecraft:wall_torch":3,"minecraft:spawner":1,"minecraft:hay_block":45,"horror_element_mod:rotten_body":1,"minecraft:birch_log":1,"minecraft:fire":1,"horror_element_mod:spiked_villager":1,"minecraft:sweet_berry_bush":7,"minecraft:lilac":3,"treechop:chopped_log":6,"minecraft:yellow_bed":1,"minecraft:grass":6,"minecraft:oak_log":2,"minecraft:coal_ore":18,"minecraft:vine":1,"minecraft:sand":1,"minecraft:dirt":9,"horror_element_mod:crucified_body":1,"minecraft:cobweb":9,"minecraft:stone":8,"horror_element_mod:spider_head":1,"minecraft:oak_leaves":6},"minecraft:custom":{"minecraft:interact_with_furnace":2,"minecraft:mob_kills":8,"minecraft:interact_with_crafting_table":9,"minecraft:leave_game":2,"minecraft:time_since_death":4980,"minecraft:sleep_in_bed":4,"minecraft:climb_one_cm":1629,"minecraft:time_since_rest":5056,"minecraft:sprint_one_cm":111274,"minecraft:damage_taken":1715,"minecraft:walk_one_cm":102010,"minecraft:trigger_trapped_chest":1,"minecraft:drop":5,"minecraft:damage_dealt":2888,"minecraft:talked_to_villager":1,"minecraft:fly_one_cm":85662,"minecraft:open_chest":4,"minecraft:crouch_one_cm":4338,"minecraft:play_time":45372,"minecraft:deaths":5,"minecraft:sneak_time":1776,"minecraft:walk_under_water_one_cm":849,"minecraft:jump":572,"minecraft:walk_on_water_one_cm":4876,"minecraft:total_world_time":45372,"minecraft:fall_one_cm":10369},"minecraft:used":{"minecraft:moss_block":5,"minecraft:oak_fence":1,"minecraft:stone_sword":62,"minecraft:stone_pickaxe":1,"minecraft:oak_planks":16,"minecraft:wooden_pickaxe":44,"minecraft:torch":31,"minecraft:mutton":4,"minecraft:crafting_table":8,"minecraft:white_bed":4,"minecraft:apple":2,"minecraft:bread":6,"minecraft:stone_axe":9,"minecraft:sweet_berries":3,"minecraft:yellow_bed":1,"minecraft:cobweb":7},"minecraft:dropped":{"minecraft:bread":10,"minecraft:feather":2,"minecraft:hay_block":1,"minecraft:wooden_pickaxe":1},"minecraft:picked_up":{"minecraft:birch_log":1,"minecraft:wheat":36,"minecraft:crafting_table":4,"minecraft:feather":2,"minecraft:lilac":2,"minecraft:chest_minecart":1,"minecraft:leather":4,"minecraft:oak_log":27,"minecraft:yellow_bed":1,"minecraft:dirt":12,"minecraft:string":8,"minecraft:bone":8,"minecraft:apple":2,"minecraft:beef":5,"minecraft:cobweb":8,"minecraft:moss_block":2,"minecraft:sugar_cane":2,"minecraft:oak_planks":18,"horror_element_mod:spider_head":2,"minecraft:stick":11,"horror_element_mod:slashed_skull":2,"minecraft:sweet_berries":13,"minecraft:oak_fence":1,"minecraft:torch":3,"minecraft:porkchop":3,"minecraft:sand":1,"minecraft:white_bed":4,"minecraft:stone_sword":1,"minecraft:rotten_flesh":24,"minecraft:hay_block":43,"minecraft:oak_sapling":9,"minecraft:mutton":4,"minecraft:skeleton_skull":5,"minecraft:coal":18,"minecraft:white_wool":3,"minecraft:cobblestone":11}},"DataVersion":3120}