{"stats":{"minecraft:killed_by":{"yeti:yeti":1,"minecraft:zombie":1},"minecraft:crafted":{"minecraft:cooked_beef":1,"minecraft:oak_slab":30,"minecraft:oak_planks":80,"minecraft:crafting_table":4,"minecraft:stick":4,"minecraft:wooden_pickaxe":1,"minecraft:stone_pickaxe":1,"minecraft:wooden_axe":1,"minecraft:furnace":1,"minecraft:white_bed":1,"minecraft:air":0,"minecraft:cooked_mutton":3},"minecraft:killed":{"minecraft:sheep":4,"weeping_angels:weeping_angel":1,"minecraft:cow":1},"minecraft:mined":{"minecraft:white_bed":3,"minecraft:furnace":1,"minecraft:birch_leaves":1,"treechop:chopped_log":5,"minecraft:crafting_table":1,"minecraft:grass":6,"minecraft:sculk_shrieker":1,"minecraft:grass_block":3,"minecraft:oak_log":4,"minecraft:dirt":6,"minecraft:copper_ore":14,"minecraft:oak_slab":1,"minecraft:stone":11,"minecraft:oak_planks":3,"minecraft:oak_leaves":2},"minecraft:used":{"minecraft:cooked_mutton":8,"minecraft:wooden_axe":33,"minecraft:apple":3,"minecraft:stone_pickaxe":41,"minecraft:birch_sapling":1,"minecraft:oak_planks":39,"minecraft:wooden_pickaxe":3,"minecraft:golden_apple":1,"minecraft:dirt":6,"minecraft:oak_slab":8,"minecraft:crafting_table":5,"minecraft:furnace":2,"minecraft:white_bed":4},"minecraft:custom":{"minecraft:time_since_rest":345,"minecraft:interact_with_furnace":8,"minecraft:sprint_one_cm":90295,"minecraft:damage_taken":985,"minecraft:walk_one_cm":71001,"minecraft:trigger_trapped_chest":1,"minecraft:mob_kills":6,"minecraft:damage_dealt":796,"minecraft:swim_one_cm":2557,"minecraft:interact_with_crafting_table":15,"minecraft:fly_one_cm":176321,"minecraft:open_chest":3,"minecraft:crouch_one_cm":4799,"minecraft:play_time":25281,"minecraft:deaths":2,"minecraft:sneak_time":1442,"minecraft:walk_under_water_one_cm":169,"minecraft:jump":647,"minecraft:walk_on_water_one_cm":6301,"minecraft:time_since_death":10281,"minecraft:sleep_in_bed":4,"minecraft:climb_one_cm":149,"minecraft:total_world_time":25281,"minecraft:fall_one_cm":17102},"minecraft:picked_up":{"minecraft:oak_slab":20,"minecraft:stick":12,"minecraft:crafting_table":1,"minecraft:leather":2,"minecraft:wooden_pickaxe":2,"minecraft:oak_log":20,"minecraft:white_bed":4,"minecraft:mossy_cobblestone":1,"minecraft:dirt":12,"minecraft:raw_copper":92,"minecraft:cooked_mutton":5,"minecraft:apple":3,"minecraft:wheat_seeds":1,"minecraft:beef":3,"minecraft:stone_pickaxe":1,"minecraft:oak_sapling":13,"minecraft:oak_planks":18,"minecraft:birch_sapling":1,"minecraft:mutton":8,"minecraft:furnace":1,"minecraft:white_wool":5,"minecraft:cobblestone":11,"minecraft:wooden_axe":1}},"DataVersion":3120}