{"stats":{"minecraft:killed_by":{"yeti:yeti":1,"minecraft:zombie":1,"sanitydim:rotting_stalker":1},"minecraft:crafted":{"minecraft:cooked_beef":3,"minecraft:oak_planks":80,"minecraft:oak_slab":30,"minecraft:crafting_table":4,"minecraft:wooden_pickaxe":1,"minecraft:furnace":1,"minecraft:cooked_mutton":3,"minecraft:air":0,"minecraft:stick":4,"minecraft:stone_pickaxe":1,"minecraft:wooden_axe":1,"minecraft:white_bed":1,"minecraft:wheat":54},"minecraft:killed":{"weeping_angels:weeping_angel":1,"minecraft:sheep":4,"minecraft:cow":1},"minecraft:mined":{"minecraft:oak_slab":1,"minecraft:white_bed":4,"minecraft:smoker":1,"minecraft:crafting_table":1,"minecraft:grass_block":3,"minecraft:copper_ore":14,"minecraft:oak_planks":3,"minecraft:wall_torch":4,"minecraft:hay_block":3,"minecraft:furnace":1,"minecraft:fire":2,"minecraft:birch_leaves":1,"treechop:chopped_log":5,"minecraft:grass":7,"minecraft:sculk_shrieker":1,"minecraft:oak_log":4,"minecraft:dirt":6,"minecraft:stone":11,"minecraft:oak_leaves":2},"minecraft:custom":{"minecraft:interact_with_furnace":9,"minecraft:mob_kills":6,"minecraft:interact_with_crafting_table":15,"minecraft:time_since_death":5233,"minecraft:sleep_in_bed":5,"minecraft:climb_one_cm":466,"minecraft:time_since_rest":3839,"minecraft:sprint_one_cm":123030,"minecraft:damage_taken":1295,"minecraft:walk_one_cm":85795,"minecraft:trigger_trapped_chest":2,"minecraft:damage_dealt":816,"minecraft:talked_to_villager":2,"minecraft:swim_one_cm":4050,"minecraft:fly_one_cm":254182,"minecraft:open_chest":6,"minecraft:crouch_one_cm":4818,"minecraft:play_time":31281,"minecraft:deaths":3,"minecraft:sneak_time":1471,"minecraft:walk_under_water_one_cm":335,"minecraft:jump":903,"minecraft:walk_on_water_one_cm":9144,"minecraft:total_world_time":31281,"minecraft:interact_with_smoker":1,"minecraft:fall_one_cm":24291},"minecraft:used":{"minecraft:cooked_mutton":8,"minecraft:flint_and_steel":3,"minecraft:stone_pickaxe":43,"horror_element_mod:slashed_skull":1,"minecraft:oak_planks":39,"minecraft:wooden_pickaxe":3,"minecraft:golden_apple":1,"minecraft:dirt":6,"minecraft:oak_slab":8,"minecraft:crafting_table":5,"minecraft:white_bed":4,"minecraft:wooden_axe":33,"minecraft:apple":6,"minecraft:birch_sapling":1,"minecraft:leather_helmet":1,"minecraft:furnace":2},"minecraft:picked_up":{"minecraft:crafting_table":1,"minecraft:feather":2,"minecraft:leather":2,"minecraft:wooden_pickaxe":3,"minecraft:smoker":1,"minecraft:skull_banner_pattern":1,"minecraft:oak_log":20,"minecraft:dirt":12,"minecraft:raw_copper":92,"minecraft:flint_and_steel":1,"minecraft:cooked_mutton":5,"minecraft:apple":3,"minecraft:wheat_seeds":1,"minecraft:beef":3,"minecraft:stone_pickaxe":1,"minecraft:birch_sapling":1,"minecraft:oak_planks":18,"minecraft:furnace":1,"minecraft:oak_slab":20,"minecraft:stick":12,"minecraft:torch":4,"minecraft:white_bed":5,"minecraft:leather_helmet":1,"minecraft:mossy_cobblestone":1,"minecraft:dark_oak_planks":1,"minecraft:hay_block":6,"minecraft:oak_sapling":20,"minecraft:mutton":8,"minecraft:white_wool":5,"minecraft:cobblestone":11,"minecraft:wooden_axe":1}},"DataVersion":3120}