{"stats":{"minecraft:killed_by":{"yeti:yeti":1,"sanitydim:sneaking_terror":1,"minecraft:zombie":1,"sanitydim:rotting_stalker":1},"minecraft:crafted":{"minecraft:cooked_beef":3,"minecraft:oak_planks":112,"minecraft:oak_slab":30,"minecraft:crafting_table":5,"minecraft:wooden_pickaxe":1,"minecraft:furnace":2,"minecraft:cooked_mutton":3,"minecraft:air":0,"minecraft:stick":4,"minecraft:stone_pickaxe":2,"minecraft:wooden_axe":2,"minecraft:white_bed":1,"minecraft:wheat":54},"minecraft:killed":{"weeping_angels:weeping_angel":1,"minecraft:sheep":4,"minecraft:zombie":2,"minecraft:cow":2},"minecraft:mined":{"minecraft:oak_slab":1,"minecraft:white_bed":7,"minecraft:smoker":1,"minecraft:crafting_table":3,"minecraft:torch":2,"minecraft:blast_furnace":1,"minecraft:grass_block":3,"minecraft:copper_ore":14,"minecraft:oak_planks":3,"minecraft:wall_torch":17,"minecraft:hay_block":17,"minecraft:furnace":1,"minecraft:iron_ore":9,"minecraft:fire":2,"minecraft:birch_leaves":1,"treechop:chopped_log":6,"minecraft:fletching_table":1,"minecraft:grass":8,"minecraft:sculk_shrieker":1,"minecraft:coal_ore":18,"minecraft:oak_log":6,"minecraft:dirt":6,"minecraft:stone":29,"minecraft:oak_leaves":2},"minecraft:custom":{"minecraft:interact_with_furnace":10,"minecraft:mob_kills":9,"minecraft:interact_with_crafting_table":19,"minecraft:time_since_death":7579,"minecraft:sleep_in_bed":11,"minecraft:climb_one_cm":466,"minecraft:time_since_rest":7144,"minecraft:sprint_one_cm":158375,"minecraft:damage_taken":1898,"minecraft:walk_one_cm":117381,"minecraft:trigger_trapped_chest":2,"minecraft:damage_dealt":1870,"minecraft:talked_to_villager":2,"minecraft:swim_one_cm":13577,"minecraft:fly_one_cm":330191,"minecraft:open_chest":8,"minecraft:crouch_one_cm":8775,"minecraft:play_time":43281,"minecraft:deaths":4,"minecraft:sneak_time":3407,"minecraft:walk_under_water_one_cm":2992,"minecraft:jump":1199,"minecraft:walk_on_water_one_cm":11978,"minecraft:total_world_time":43281,"minecraft:interact_with_smoker":1,"minecraft:fall_one_cm":29336},"minecraft:used":{"minecraft:cooked_mutton":8,"minecraft:flint_and_steel":3,"minecraft:stone_pickaxe":73,"horror_element_mod:slashed_skull":1,"minecraft:oak_planks":41,"minecraft:wooden_pickaxe":19,"minecraft:torch":15,"minecraft:golden_apple":1,"minecraft:dirt":6,"minecraft:oak_slab":8,"minecraft:crafting_table":8,"minecraft:white_bed":7,"minecraft:wooden_axe":70,"minecraft:apple":7,"minecraft:bread":3,"minecraft:birch_sapling":1,"minecraft:leather_helmet":2,"minecraft:furnace":3,"minecraft:cooked_beef":2},"minecraft:picked_up":{"minecraft:wheat":54,"minecraft:crafting_table":4,"minecraft:feather":4,"minecraft:leather":3,"minecraft:wooden_pickaxe":4,"minecraft:smoker":1,"minecraft:potato":5,"minecraft:skull_banner_pattern":2,"minecraft:oak_log":28,"minecraft:dirt":12,"minecraft:raw_copper":92,"minecraft:flint_and_steel":2,"minecraft:cooked_mutton":5,"minecraft:apple":6,"minecraft:wheat_seeds":1,"minecraft:beef":5,"minecraft:stone_pickaxe":1,"minecraft:fletching_table":1,"minecraft:birch_sapling":1,"minecraft:oak_planks":43,"minecraft:furnace":1,"minecraft:oak_slab":20,"minecraft:stick":20,"minecraft:raw_iron":9,"minecraft:torch":20,"minecraft:blast_furnace":1,"minecraft:white_bed":9,"minecraft:leather_helmet":2,"minecraft:mossy_cobblestone":1,"minecraft:dark_oak_planks":2,"minecraft:rotten_flesh":1,"minecraft:hay_block":20,"minecraft:bread":2,"minecraft:oak_sapling":37,"minecraft:mutton":8,"minecraft:coal":17,"minecraft:white_wool":5,"minecraft:cobblestone":29,"minecraft:wooden_axe":2}},"DataVersion":3120}