{"stats":{"minecraft:killed_by":{"yeti:yeti":2,"sanitydim:sneaking_terror":1,"minecraft:zombie":1,"cave_dweller:cave_dweller":1,"sanitydim:rotting_stalker":1,"cavenoise_overhaul:cavenoise_overhaul":1},"minecraft:crafted":{"minecraft:cooked_beef":3,"minecraft:oak_planks":112,"minecraft:oak_slab":30,"minecraft:crafting_table":5,"minecraft:wooden_pickaxe":1,"minecraft:iron_sword":1,"minecraft:furnace":2,"minecraft:stone_axe":1,"minecraft:bread":60,"minecraft:cooked_mutton":3,"minecraft:air":0,"minecraft:iron_boots":1,"minecraft:iron_chestplate":1,"minecraft:shield":1,"minecraft:stick":20,"minecraft:iron_ingot":24,"minecraft:stone_pickaxe":3,"minecraft:wooden_axe":2,"minecraft:stone_sword":1,"minecraft:iron_leggings":1,"minecraft:white_bed":1,"minecraft:torch":32,"minecraft:wheat":180},"minecraft:killed":{"weeping_angels:weeping_angel":1,"minecraft:skeleton":3,"minecraft:sheep":4,"minecraft:zombie":2,"minecraft:cow":2},"minecraft:mined":{"minecraft:oak_slab":1,"minecraft:white_bed":7,"weeping_angels:deepslate_kontron_ore":3,"minecraft:smoker":1,"minecraft:crafting_table":3,"minecraft:torch":3,"minecraft:granite":2,"minecraft:blast_furnace":1,"minecraft:grass_block":3,"minecraft:copper_ore":14,"minecraft:deepslate_coal_ore":5,"minecraft:oak_planks":3,"minecraft:wall_torch":18,"minecraft:hay_block":17,"minecraft:furnace":1,"minecraft:iron_ore":20,"minecraft:fire":2,"weeping_angels:kontron_ore":7,"minecraft:birch_leaves":1,"minecraft:deepslate_lapis_ore":1,"treechop:chopped_log":6,"minecraft:fletching_table":1,"minecraft:grass":8,"minecraft:sculk_shrieker":1,"minecraft:coal_ore":32,"minecraft:oak_log":6,"minecraft:deepslate_iron_ore":18,"minecraft:dirt":6,"minecraft:stone":68,"minecraft:deepslate":1,"minecraft:oak_leaves":2},"minecraft:custom":{"minecraft:interact_with_furnace":13,"minecraft:mob_kills":12,"minecraft:interact_with_crafting_table":29,"minecraft:time_since_death":5929,"minecraft:sleep_in_bed":12,"minecraft:climb_one_cm":466,"minecraft:time_since_rest":5959,"minecraft:sprint_one_cm":190075,"minecraft:damage_taken":3104,"minecraft:walk_one_cm":158864,"minecraft:damage_blocked_by_shield":1770,"minecraft:trigger_trapped_chest":2,"minecraft:drop":3,"minecraft:damage_dealt":2663,"minecraft:talked_to_villager":2,"minecraft:swim_one_cm":13577,"minecraft:fly_one_cm":371406,"minecraft:open_chest":8,"minecraft:crouch_one_cm":13832,"minecraft:play_time":61281,"minecraft:deaths":7,"minecraft:sneak_time":5335,"minecraft:walk_under_water_one_cm":2992,"minecraft:jump":1630,"minecraft:interact_with_blast_furnace":19,"minecraft:walk_on_water_one_cm":11978,"minecraft:total_world_time":61281,"minecraft:interact_with_smoker":1,"minecraft:fall_one_cm":43944},"minecraft:used":{"minecraft:cooked_mutton":8,"minecraft:stone_sword":11,"minecraft:flint_and_steel":3,"minecraft:stone_pickaxe":176,"horror_element_mod:slashed_skull":1,"minecraft:oak_planks":48,"minecraft:shield":36,"minecraft:wooden_pickaxe":19,"minecraft:iron_chestplate":2,"minecraft:torch":51,"minecraft:golden_apple":1,"minecraft:dirt":6,"minecraft:oak_slab":8,"minecraft:crafting_table":8,"minecraft:blast_furnace":1,"minecraft:white_bed":8,"minecraft:wooden_axe":73,"minecraft:apple":7,"minecraft:bread":11,"minecraft:birch_sapling":1,"minecraft:leather_helmet":2,"minecraft:iron_boots":1,"minecraft:stone_axe":1,"minecraft:furnace":3,"minecraft:cooked_beef":2,"minecraft:iron_leggings":1},"minecraft:dropped":{"minecraft:torch":2,"minecraft:wooden_pickaxe":1,"minecraft:stone_pickaxe":1},"minecraft:broken":{"minecraft:wooden_axe":1},"minecraft:picked_up":{"minecraft:iron_chestplate":3,"minecraft:wheat":162,"minecraft:crafting_table":4,"minecraft:feather":10,"minecraft:leather":6,"minecraft:wooden_pickaxe":4,"minecraft:smoker":1,"minecraft:potato":44,"minecraft:skull_banner_pattern":5,"minecraft:oak_log":28,"minecraft:shield":3,"minecraft:lapis_lazuli":28,"minecraft:dirt":12,"minecraft:raw_copper":92,"weeping_angels:kontron_ingot":28,"minecraft:flint_and_steel":5,"minecraft:cooked_mutton":5,"minecraft:bone":12,"minecraft:apple":27,"minecraft:wheat_seeds":1,"minecraft:cobbled_deepslate":8,"minecraft:beef":11,"minecraft:stone_pickaxe":4,"minecraft:fletching_table":3,"minecraft:birch_sapling":1,"minecraft:oak_planks":69,"minecraft:furnace":1,"minecraft:oak_slab":20,"minecraft:stick":20,"minecraft:raw_iron":83,"minecraft:torch":56,"minecraft:blast_furnace":1,"minecraft:white_bed":9,"minecraft:leather_helmet":5,"minecraft:mossy_cobblestone":1,"minecraft:dark_oak_planks":5,"minecraft:stone_sword":3,"minecraft:rotten_flesh":3,"minecraft:stone_axe":3,"minecraft:hay_block":48,"minecraft:granite":5,"minecraft:emerald":3,"minecraft:bread":14,"minecraft:oak_sapling":73,"minecraft:mutton":8,"minecraft:coal":37,"minecraft:white_wool":5,"minecraft:cobblestone":182,"minecraft:wooden_axe":2}},"DataVersion":3120}