{"stats":{"minecraft:killed_by":{"yeti:yeti":2,"sanitydim:rotting_stalker":1,"sanitydim:sneaking_terror":1,"minecraft:zombie":1,"cave_dweller:cave_dweller":1,"cavenoise_overhaul:cavenoise_overhaul":1},"minecraft:crafted":{"minecraft:oak_planks":112,"minecraft:smooth_stone":9,"minecraft:furnace":6,"minecraft:blast_furnace":2,"minecraft:stone":29,"minecraft:cobblestone_stairs":4,"minecraft:bone_meal":9,"minecraft:cooked_mutton":3,"minecraft:iron_boots":1,"minecraft:stone_pickaxe":3,"minecraft:wheat":180,"minecraft:cooked_beef":3,"minecraft:oak_slab":30,"minecraft:crafting_table":5,"minecraft:wooden_pickaxe":1,"minecraft:iron_sword":1,"minecraft:stone_axe":1,"minecraft:bread":60,"minecraft:air":0,"justhammers:iron_hammer":1,"minecraft:iron_chestplate":1,"minecraft:shield":1,"minecraft:stick":24,"minecraft:iron_ingot":25,"minecraft:wooden_axe":2,"minecraft:stone_sword":1,"minecraft:iron_leggings":1,"minecraft:white_bed":1,"minecraft:torch":48},"minecraft:killed":{"weeping_angels:weeping_angel":1,"minecraft:spider":1,"minecraft:skeleton":3,"minecraft:sheep":4,"minecraft:zombie":3,"minecraft:cow":2},"minecraft:mined":{"minecraft:white_bed":9,"weeping_angels:deepslate_kontron_ore":3,"minecraft:granite":2,"minecraft:grass_block":5,"minecraft:hay_block":17,"minecraft:furnace":2,"minecraft:fire":2,"minecraft:iron_ore":20,"treechop:chopped_log":8,"minecraft:fletching_table":1,"minecraft:deepslate_lapis_ore":1,"minecraft:sculk_shrieker":2,"minecraft:deepslate_iron_ore":18,"minecraft:stone":80,"minecraft:oak_slab":1,"minecraft:smoker":1,"minecraft:crafting_table":4,"minecraft:torch":4,"minecraft:blast_furnace":2,"minecraft:copper_ore":14,"minecraft:cobblestone":2,"minecraft:deepslate_coal_ore":5,"minecraft:oak_planks":3,"minecraft:wall_torch":21,"weeping_angels:kontron_ore":7,"minecraft:birch_leaves":1,"minecraft:grass":8,"minecraft:oak_log":6,"minecraft:coal_ore":32,"minecraft:dirt":6,"minecraft:oak_leaves":2,"minecraft:deepslate":1},"minecraft:custom":{"minecraft:mob_kills":14,"minecraft:interact_with_crafting_table":34,"minecraft:time_since_death":17929,"minecraft:climb_one_cm":466,"minecraft:sprint_one_cm":209157,"minecraft:walk_one_cm":220855,"minecraft:damage_blocked_by_shield":1770,"minecraft:drop":8,"minecraft:talked_to_villager":2,"minecraft:play_time":73281,"minecraft:deaths":7,"minecraft:sneak_time":5362,"minecraft:walk_under_water_one_cm":2992,"minecraft:jump":1777,"minecraft:interact_with_blast_furnace":22,"minecraft:walk_on_water_one_cm":12032,"minecraft:total_world_time":73281,"minecraft:interact_with_furnace":41,"minecraft:sleep_in_bed":13,"minecraft:time_since_rest":2550,"minecraft:damage_taken":3119,"minecraft:trigger_trapped_chest":2,"minecraft:damage_dealt":2863,"minecraft:swim_one_cm":13577,"minecraft:fly_one_cm":403516,"minecraft:open_chest":8,"minecraft:crouch_one_cm":13844,"minecraft:interact_with_smoker":1,"minecraft:fall_one_cm":46034},"minecraft:used":{"minecraft:stone_sword":11,"minecraft:flint_and_steel":3,"minecraft:shield":36,"minecraft:stone":9,"minecraft:iron_sword":1,"minecraft:iron_chestplate":2,"minecraft:torch":63,"minecraft:dirt":6,"minecraft:wooden_axe":73,"minecraft:dark_oak_planks":1,"minecraft:birch_sapling":1,"minecraft:iron_boots":1,"minecraft:furnace":6,"minecraft:oak_sapling":12,"minecraft:cooked_beef":2,"minecraft:iron_leggings":1,"minecraft:cooked_mutton":8,"minecraft:cobblestone_stairs":4,"minecraft:stone_pickaxe":193,"minecraft:oak_planks":48,"horror_element_mod:slashed_skull":1,"minecraft:wooden_pickaxe":19,"minecraft:golden_apple":1,"minecraft:oak_slab":8,"minecraft:crafting_table":9,"minecraft:blast_furnace":4,"minecraft:white_bed":10,"justhammers:iron_hammer":124,"minecraft:apple":7,"minecraft:bread":13,"minecraft:leather_helmet":2,"minecraft:stone_axe":17,"minecraft:cobblestone":36},"minecraft:broken":{"minecraft:wooden_axe":1},"minecraft:dropped":{"minecraft:feather":2,"minecraft:leather":3,"minecraft:torch":2,"minecraft:bone":3,"minecraft:stone_pickaxe":1,"minecraft:wooden_pickaxe":1},"minecraft:picked_up":{"minecraft:crafting_table":5,"minecraft:iron_chestplate":3,"minecraft:wheat":162,"minecraft:wooden_pickaxe":4,"minecraft:shield":3,"minecraft:raw_copper":94,"minecraft:flint_and_steel":5,"minecraft:cobbled_deepslate":8,"minecraft:beef":11,"minecraft:birch_sapling":1,"minecraft:furnace":2,"minecraft:raw_iron":83,"minecraft:stick":23,"minecraft:torch":61,"minecraft:dark_oak_planks":5,"minecraft:stone_sword":3,"minecraft:rotten_flesh":3,"minecraft:hay_block":48,"minecraft:mutton":8,"minecraft:cobblestone":677,"minecraft:white_wool":5,"minecraft:feather":10,"minecraft:andesite":4,"minecraft:leather":8,"minecraft:smoker":1,"minecraft:potato":44,"minecraft:skull_banner_pattern":5,"minecraft:oak_log":43,"minecraft:lapis_lazuli":28,"minecraft:dirt":14,"weeping_angels:kontron_ingot":34,"minecraft:cooked_mutton":5,"minecraft:bone":15,"minecraft:apple":27,"minecraft:wheat_seeds":1,"minecraft:stone_pickaxe":4,"minecraft:iron_ingot":13,"minecraft:fletching_table":3,"minecraft:oak_planks":69,"minecraft:oak_slab":20,"minecraft:blast_furnace":2,"minecraft:white_bed":11,"minecraft:mossy_cobblestone":1,"minecraft:leather_helmet":5,"minecraft:stone_axe":3,"minecraft:granite":5,"minecraft:bread":14,"minecraft:emerald":3,"minecraft:oak_sapling":88,"minecraft:coal":48,"minecraft:wooden_axe":2}},"DataVersion":3120}