{"stats":{"minecraft:killed_by":{"yeti:yeti":1},"minecraft:crafted":{"minecraft:oak_slab":30,"minecraft:oak_planks":60,"minecraft:crafting_table":2,"minecraft:stick":4,"minecraft:wooden_pickaxe":1,"minecraft:stone_pickaxe":1,"minecraft:wooden_axe":1,"minecraft:furnace":1},"minecraft:killed":{"minecraft:sheep":4},"minecraft:mined":{"treechop:chopped_log":4,"minecraft:crafting_table":1,"minecraft:grass":3,"minecraft:sculk_shrieker":1,"minecraft:grass_block":3,"minecraft:oak_log":4,"minecraft:dirt":6,"minecraft:copper_ore":14,"minecraft:stone":11},"minecraft:used":{"minecraft:wooden_axe":21,"minecraft:apple":3,"minecraft:stone_pickaxe":23,"minecraft:oak_planks":3,"minecraft:wooden_pickaxe":3,"minecraft:dirt":6,"minecraft:crafting_table":3,"minecraft:furnace":1},"minecraft:custom":{"minecraft:time_since_rest":11395,"minecraft:interact_with_furnace":3,"minecraft:sprint_one_cm":37646,"minecraft:damage_taken":475,"minecraft:walk_one_cm":31667,"minecraft:mob_kills":4,"minecraft:damage_dealt":435,"minecraft:interact_with_crafting_table":10,"minecraft:fly_one_cm":45011,"minecraft:crouch_one_cm":3771,"minecraft:play_time":13281,"minecraft:deaths":1,"minecraft:sneak_time":1196,"minecraft:walk_under_water_one_cm":107,"minecraft:jump":205,"minecraft:walk_on_water_one_cm":6013,"minecraft:time_since_death":11357,"minecraft:total_world_time":13281,"minecraft:fall_one_cm":5084},"minecraft:picked_up":{"minecraft:stick":7,"minecraft:crafting_table":1,"minecraft:oak_log":15,"minecraft:dirt":9,"minecraft:raw_copper":46,"minecraft:apple":3,"minecraft:oak_sapling":6,"minecraft:mutton":8,"minecraft:white_wool":4,"minecraft:cobblestone":11}},"DataVersion":3120}