{"stats":{"minecraft:killed_by":{"yeti:yeti":3,"sanitydim:rotting_stalker":1,"sanitydim:sneaking_terror":1,"minecraft:zombie":1,"cave_dweller:cave_dweller":1,"cavenoise_overhaul:cavenoise_overhaul":1},"minecraft:crafted":{"minecraft:oak_planks":116,"minecraft:smooth_stone":9,"minecraft:furnace":8,"minecraft:blast_furnace":2,"minecraft:stone":32,"minecraft:cobblestone_stairs":4,"minecraft:bone_meal":9,"minecraft:cooked_mutton":3,"minecraft:iron_boots":1,"minecraft:stone_pickaxe":3,"minecraft:chest":24,"minecraft:dark_oak_planks":192,"minecraft:smoker":2,"minecraft:wheat":180,"minecraft:cooked_beef":3,"minecraft:oak_slab":30,"minecraft:crafting_table":5,"minecraft:wooden_pickaxe":1,"minecraft:iron_sword":1,"minecraft:bucket":1,"minecraft:stone_axe":1,"minecraft:bread":60,"minecraft:air":0,"justhammers:iron_hammer":1,"minecraft:iron_chestplate":1,"justhammers:stone_hammer":1,"minecraft:shield":1,"minecraft:stick":32,"minecraft:iron_ingot":27,"minecraft:wooden_axe":2,"minecraft:stone_sword":1,"minecraft:iron_leggings":1,"minecraft:white_bed":1,"minecraft:torch":72},"minecraft:killed":{"weeping_angels:weeping_angel":1,"minecraft:spider":1,"minecraft:skeleton":3,"minecraft:sheep":4,"minecraft:zombie":5,"minecraft:cow":2},"minecraft:mined":{"minecraft:white_bed":9,"minecraft:oak_sapling":2,"weeping_angels:deepslate_kontron_ore":3,"minecraft:sculk_vein":3,"minecraft:dark_oak_log":48,"minecraft:granite":4,"minecraft:grass_block":5,"minecraft:polished_blackstone_pressure_plate":1,"minecraft:hay_block":17,"minecraft:furnace":2,"horror_element_mod:villager_head":1,"minecraft:fire":2,"minecraft:iron_ore":22,"minecraft:anvil":1,"treechop:chopped_log":10,"minecraft:fletching_table":1,"minecraft:deepslate_lapis_ore":1,"minecraft:sculk_shrieker":2,"minecraft:deepslate_iron_ore":18,"minecraft:stone":84,"minecraft:oak_slab":1,"minecraft:smoker":2,"minecraft:soul_lantern":1,"minecraft:crafting_table":4,"minecraft:torch":4,"minecraft:blast_furnace":2,"minecraft:tall_grass":1,"minecraft:copper_ore":14,"minecraft:cobblestone":2,"minecraft:deepslate_coal_ore":5,"minecraft:oak_planks":3,"minecraft:sculk":1,"minecraft:wall_torch":22,"weeping_angels:kontron_ore":7,"minecraft:birch_leaves":1,"minecraft:grass":11,"minecraft:oak_log":7,"minecraft:coal_ore":32,"minecraft:dirt":6,"minecraft:oak_leaves":2,"minecraft:deepslate":1},"minecraft:used":{"minecraft:stone_sword":11,"minecraft:flint_and_steel":3,"minecraft:chest":24,"minecraft:shield":41,"minecraft:stone":9,"minecraft:iron_sword":11,"minecraft:iron_chestplate":2,"minecraft:torch":87,"minecraft:dirt":6,"minecraft:anvil":1,"minecraft:wooden_axe":73,"minecraft:dark_oak_planks":1,"minecraft:birch_sapling":1,"minecraft:iron_boots":1,"minecraft:furnace":6,"minecraft:oak_sapling":35,"minecraft:cooked_beef":2,"minecraft:iron_leggings":2,"minecraft:cooked_mutton":8,"minecraft:cobblestone_stairs":4,"minecraft:stone_pickaxe":206,"minecraft:oak_planks":48,"horror_element_mod:slashed_skull":1,"minecraft:wooden_pickaxe":19,"minecraft:golden_apple":1,"minecraft:oak_slab":8,"minecraft:crafting_table":9,"minecraft:blast_furnace":4,"minecraft:white_bed":14,"minecraft:smoker":3,"justhammers:iron_hammer":141,"minecraft:apple":7,"minecraft:bread":20,"minecraft:leather_helmet":2,"justhammers:stone_hammer":84,"minecraft:stone_axe":83,"minecraft:cobblestone":56,"minecraft:bucket":1,"minecraft:bone_meal":9},"minecraft:custom":{"minecraft:interact_with_anvil":1,"minecraft:mob_kills":16,"minecraft:interact_with_crafting_table":45,"minecraft:time_since_death":9501,"minecraft:climb_one_cm":7408,"minecraft:sprint_one_cm":258963,"minecraft:walk_one_cm":292281,"minecraft:damage_blocked_by_shield":2295,"minecraft:drop":13,"minecraft:talked_to_villager":2,"minecraft:play_time":97281,"minecraft:deaths":8,"minecraft:sneak_time":6651,"minecraft:walk_under_water_one_cm":3522,"minecraft:jump":2352,"minecraft:interact_with_blast_furnace":29,"minecraft:walk_on_water_one_cm":16416,"minecraft:total_world_time":97281,"minecraft:interact_with_furnace":55,"minecraft:sleep_in_bed":18,"minecraft:time_since_rest":7321,"minecraft:damage_taken":3550,"minecraft:trigger_trapped_chest":2,"minecraft:damage_dealt":3534,"minecraft:swim_one_cm":16871,"minecraft:fly_one_cm":501636,"minecraft:open_chest":18,"minecraft:crouch_one_cm":17429,"minecraft:interact_with_smoker":2,"minecraft:fall_one_cm":61130},"minecraft:broken":{"justhammers:iron_hammer":1,"minecraft:wooden_axe":1},"minecraft:dropped":{"minecraft:feather":2,"minecraft:cobblestone":109,"minecraft:leather":3,"minecraft:granite":2,"minecraft:dirt":2,"minecraft:torch":2,"minecraft:bone":3,"minecraft:rotten_flesh":1,"minecraft:stone_pickaxe":1,"minecraft:wooden_pickaxe":1},"minecraft:picked_up":{"minecraft:crafting_table":5,"minecraft:iron_chestplate":4,"minecraft:wheat":162,"minecraft:anvil":1,"minecraft:wooden_pickaxe":4,"minecraft:shield":4,"minecraft:raw_copper":94,"minecraft:flint_and_steel":5,"minecraft:iron_leggings":1,"minecraft:smooth_stone":3,"minecraft:cobbled_deepslate":8,"minecraft:bucket":1,"minecraft:beef":11,"minecraft:birch_sapling":1,"minecraft:iron_boots":1,"minecraft:furnace":2,"minecraft:raw_iron":87,"minecraft:stick":29,"minecraft:torch":62,"minecraft:dark_oak_planks":5,"minecraft:stone_sword":4,"minecraft:rotten_flesh":5,"minecraft:hay_block":48,"minecraft:mutton":8,"minecraft:cobblestone":1246,"minecraft:white_wool":5,"minecraft:feather":10,"minecraft:andesite":13,"minecraft:leather":8,"minecraft:smoker":2,"minecraft:potato":44,"minecraft:skull_banner_pattern":5,"minecraft:oak_log":61,"minecraft:lapis_lazuli":28,"minecraft:dirt":14,"weeping_angels:kontron_ingot":34,"minecraft:cooked_mutton":5,"minecraft:bone":15,"minecraft:apple":27,"minecraft:wheat_seeds":3,"minecraft:stone_pickaxe":5,"minecraft:iron_ingot":13,"minecraft:fletching_table":3,"minecraft:iron_sword":1,"minecraft:oak_planks":69,"minecraft:oak_slab":20,"minecraft:blast_furnace":2,"minecraft:white_bed":15,"minecraft:dark_oak_log":48,"minecraft:mossy_cobblestone":1,"minecraft:leather_helmet":6,"minecraft:stone_axe":4,"minecraft:granite":9,"minecraft:bread":71,"minecraft:emerald":4,"minecraft:oak_sapling":96,"minecraft:coal":54,"minecraft:wooden_axe":2}},"DataVersion":3120}