{"stats":{"minecraft:killed_by":{"yeti:yeti":3,"thestarvedstalker:the_starved_stalker_aggro":1,"sanitydim:rotting_stalker":1,"man:managgresive":1,"sanitydim:sneaking_terror":1,"minecraft:zombie":1,"cave_dweller:cave_dweller":1,"cavenoise_overhaul:cavenoise_overhaul":2,"midnightlurker:midnight_lurker_unprovoked":3},"minecraft:crafted":{"minecraft:oak_door":3,"minecraft:oak_planks":176,"minecraft:smooth_stone":9,"minecraft:furnace":8,"minecraft:blast_furnace":2,"minecraft:stone":35,"minecraft:cobblestone_stairs":8,"minecraft:bone_meal":9,"minecraft:cooked_mutton":3,"minecraft:iron_boots":1,"minecraft:stone_pickaxe":4,"minecraft:chest":28,"minecraft:dark_oak_planks":192,"minecraft:smoker":2,"minecraft:wheat":180,"minecraft:cooked_beef":3,"minecraft:oak_slab":30,"minecraft:wooden_shovel":1,"minecraft:crafting_table":6,"minecraft:wooden_pickaxe":1,"minecraft:iron_sword":1,"minecraft:bucket":1,"minecraft:stone_axe":1,"minecraft:bread":60,"minecraft:air":0,"minecraft:oak_boat":2,"justhammers:iron_hammer":1,"minecraft:iron_chestplate":1,"justhammers:stone_hammer":2,"minecraft:shield":1,"minecraft:stick":44,"minecraft:iron_ingot":27,"minecraft:wooden_axe":2,"minecraft:stone_sword":1,"minecraft:iron_leggings":1,"minecraft:white_bed":1,"minecraft:torch":72},"minecraft:killed":{"weeping_angels:weeping_angel":1,"minecraft:spider":1,"minecraft:skeleton":3,"minecraft:sheep":4,"minecraft:zombie":5,"minecraft:cow":4},"minecraft:mined":{"minecraft:white_bed":9,"minecraft:oak_sapling":2,"weeping_angels:deepslate_kontron_ore":3,"minecraft:cobblestone_stairs":5,"minecraft:sculk_vein":3,"minecraft:dark_oak_log":48,"minecraft:granite":4,"minecraft:grass_block":7,"minecraft:polished_blackstone_pressure_plate":1,"minecraft:hay_block":17,"minecraft:furnace":2,"horror_element_mod:villager_head":1,"minecraft:fire":2,"minecraft:iron_ore":22,"minecraft:anvil":1,"treechop:chopped_log":10,"minecraft:fletching_table":1,"minecraft:deepslate_lapis_ore":1,"minecraft:sculk_shrieker":2,"minecraft:deepslate_iron_ore":18,"minecraft:stone":155,"minecraft:oak_slab":1,"minecraft:smoker":2,"minecraft:soul_lantern":1,"minecraft:crafting_table":4,"minecraft:torch":4,"minecraft:blast_furnace":2,"minecraft:tall_grass":2,"minecraft:copper_ore":14,"minecraft:cobblestone":16,"minecraft:deepslate_coal_ore":5,"minecraft:oak_planks":3,"minecraft:diorite":2,"minecraft:sculk":1,"minecraft:wall_torch":24,"weeping_angels:kontron_ore":7,"minecraft:birch_leaves":1,"minecraft:grass":15,"minecraft:oak_log":7,"minecraft:coal_ore":33,"minecraft:dirt":11,"minecraft:oak_leaves":2,"minecraft:deepslate":1},"minecraft:used":{"minecraft:stone_sword":11,"minecraft:flint_and_steel":3,"minecraft:chest":28,"minecraft:shield":46,"minecraft:stone":9,"minecraft:iron_sword":28,"minecraft:oak_door":4,"minecraft:iron_chestplate":5,"minecraft:torch":101,"minecraft:dirt":6,"minecraft:anvil":1,"minecraft:wooden_axe":73,"minecraft:dark_oak_planks":1,"minecraft:birch_sapling":1,"minecraft:iron_boots":4,"minecraft:furnace":6,"minecraft:oak_sapling":35,"minecraft:cooked_beef":2,"minecraft:iron_leggings":3,"minecraft:cooked_mutton":8,"minecraft:water_bucket":6,"minecraft:cobblestone_stairs":11,"minecraft:stone_pickaxe":300,"minecraft:oak_planks":48,"horror_element_mod:slashed_skull":1,"minecraft:wooden_pickaxe":19,"minecraft:golden_apple":1,"minecraft:oak_slab":8,"minecraft:crafting_table":10,"minecraft:blast_furnace":4,"minecraft:white_bed":14,"minecraft:smoker":3,"justhammers:iron_hammer":141,"minecraft:apple":7,"minecraft:bread":28,"minecraft:leather_helmet":2,"justhammers:stone_hammer":185,"minecraft:stone_axe":83,"minecraft:cobblestone":122,"minecraft:bucket":6,"minecraft:oak_boat":5,"minecraft:bone_meal":9},"minecraft:custom":{"minecraft:interact_with_anvil":2,"minecraft:mob_kills":18,"minecraft:interact_with_crafting_table":52,"minecraft:damage_dealt_resisted":36,"minecraft:leave_game":1,"minecraft:time_since_death":8163,"minecraft:climb_one_cm":7408,"minecraft:sprint_one_cm":343399,"minecraft:walk_one_cm":379726,"minecraft:damage_blocked_by_shield":2835,"minecraft:drop":13,"minecraft:talked_to_villager":3,"minecraft:play_time":124133,"minecraft:deaths":14,"minecraft:sneak_time":7393,"minecraft:walk_under_water_one_cm":3522,"minecraft:boat_one_cm":36498,"minecraft:jump":3134,"minecraft:interact_with_blast_furnace":29,"minecraft:walk_on_water_one_cm":16416,"minecraft:total_world_time":124133,"minecraft:interact_with_furnace":56,"minecraft:sleep_in_bed":20,"minecraft:time_since_rest":8232,"minecraft:damage_taken":5252,"minecraft:trigger_trapped_chest":2,"minecraft:damage_dealt":4284,"minecraft:swim_one_cm":16871,"minecraft:fly_one_cm":665042,"minecraft:open_chest":25,"minecraft:crouch_one_cm":19833,"minecraft:interact_with_smoker":2,"minecraft:fall_one_cm":71617},"minecraft:dropped":{"minecraft:feather":2,"minecraft:cobblestone":109,"minecraft:leather":3,"minecraft:granite":2,"minecraft:dirt":2,"minecraft:torch":2,"minecraft:bone":3,"minecraft:rotten_flesh":1,"minecraft:stone_pickaxe":1,"minecraft:wooden_pickaxe":1},"minecraft:picked_up":{"minecraft:crafting_table":5,"minecraft:iron_chestplate":10,"minecraft:wheat":162,"minecraft:anvil":1,"minecraft:wooden_pickaxe":4,"minecraft:shield":8,"minecraft:raw_copper":94,"minecraft:flint_and_steel":5,"minecraft:iron_leggings":6,"minecraft:smooth_stone":18,"minecraft:cobbled_deepslate":8,"minecraft:bucket":2,"minecraft:beef":46,"minecraft:oak_boat":4,"minecraft:wooden_shovel":6,"minecraft:birch_sapling":1,"minecraft:iron_boots":7,"minecraft:furnace":2,"minecraft:raw_iron":87,"minecraft:stick":29,"minecraft:stone":9,"minecraft:oak_door":2,"minecraft:torch":126,"minecraft:diorite":12,"minecraft:dark_oak_planks":5,"minecraft:stone_sword":9,"minecraft:rotten_flesh":31,"minecraft:hay_block":48,"minecraft:mutton":8,"minecraft:cobblestone":4132,"minecraft:white_wool":5,"minecraft:feather":10,"minecraft:water_bucket":3,"minecraft:andesite":210,"minecraft:leather":29,"minecraft:smoker":2,"minecraft:potato":44,"minecraft:skull_banner_pattern":5,"minecraft:oak_log":61,"minecraft:cobblestone_stairs":5,"minecraft:lapis_lazuli":28,"minecraft:dirt":36,"weeping_angels:kontron_ingot":40,"minecraft:cooked_mutton":5,"minecraft:bone":15,"minecraft:apple":27,"minecraft:wheat_seeds":9,"minecraft:stone_pickaxe":10,"minecraft:iron_ingot":25,"minecraft:fletching_table":3,"minecraft:iron_sword":6,"minecraft:oak_planks":256,"minecraft:oak_slab":20,"justhammers:stone_hammer":6,"minecraft:blast_furnace":2,"minecraft:white_bed":15,"minecraft:dark_oak_log":48,"minecraft:mossy_cobblestone":1,"minecraft:leather_helmet":6,"minecraft:stone_axe":9,"minecraft:granite":21,"minecraft:bread":360,"minecraft:emerald":30,"minecraft:oak_sapling":96,"minecraft:coal":55,"minecraft:wooden_axe":2},"minecraft:broken":{"minecraft:leather_helmet":1,"justhammers:iron_hammer":1,"minecraft:stone_pickaxe":1,"justhammers:stone_hammer":1,"minecraft:shield":1,"minecraft:wooden_axe":1}},"DataVersion":3120}