{"stats":{"minecraft:killed_by":{"minecraft:drowned":1,"sanitydim:rotting_stalker":1,"man:managgresive":1,"cave_dweller:cave_dweller":1,"cavenoise_overhaul:cavenoise_overhaul":5,"yeti:yeti":1},"minecraft:crafted":{"minecraft:oak_planks":100,"minecraft:cooked_chicken":7,"minecraft:furnace":10,"minecraft:stone":184,"minecraft:cooked_mutton":2,"minecraft:stone_pickaxe":2,"minecraft:chest":1,"minecraft:cooked_beef":9,"minecraft:cooked_porkchop":4,"minecraft:crafting_table":2,"minecraft:wooden_pickaxe":1,"minecraft:baked_potato":4,"minecraft:bucket":1,"minecraft:air":0,"justhammers:stone_hammer":13,"minecraft:stick":56,"minecraft:iron_ingot":1,"minecraft:stone_sword":1,"minecraft:torch":84},"minecraft:killed":{"minecraft:chicken":7,"minecraft:pig":2,"minecraft:sheep":7,"minecraft:zombie":1,"minecraft:cow":5},"minecraft:mined":{"minecraft:white_bed":5,"minecraft:oak_sapling":1,"minecraft:granite":14,"minecraft:grass_block":4,"minecraft:fire":4,"minecraft:iron_ore":1,"minecraft:cobbled_deepslate":1,"treechop:chopped_log":2,"minecraft:stone":176,"minecraft:scaffolding":1,"minecraft:glass_pane":1,"minecraft:oak_fence":1,"minecraft:crafting_table":1,"minecraft:torch":1,"minecraft:tall_grass":1,"minecraft:cobblestone":22,"minecraft:oak_planks":9,"minecraft:cracked_deepslate_bricks":1,"minecraft:wall_torch":4,"minecraft:amethyst_block":1,"minecraft:tinted_glass":1,"weeping_angels:kontron_ore":2,"minecraft:grass":13,"minecraft:oak_log":15,"minecraft:coal_ore":41,"minecraft:dirt":13,"minecraft:oak_leaves":13},"minecraft:custom":{"minecraft:mob_kills":24,"minecraft:interact_with_crafting_table":32,"minecraft:leave_game":1,"minecraft:time_since_death":978,"minecraft:climb_one_cm":2722,"minecraft:sprint_one_cm":348638,"minecraft:walk_one_cm":589621,"minecraft:drop":39,"minecraft:talked_to_villager":2,"minecraft:play_time":121002,"minecraft:deaths":11,"minecraft:sneak_time":5106,"minecraft:walk_under_water_one_cm":2843,"minecraft:jump":1453,"minecraft:walk_on_water_one_cm":13811,"minecraft:total_world_time":121002,"minecraft:interact_with_furnace":47,"minecraft:sleep_in_bed":11,"minecraft:time_since_rest":1007,"minecraft:damage_taken":3462,"minecraft:trigger_trapped_chest":4,"minecraft:damage_dealt":2504,"minecraft:swim_one_cm":22672,"minecraft:fly_one_cm":196670,"minecraft:open_chest":59,"minecraft:crouch_one_cm":13415,"minecraft:interact_with_smoker":14,"minecraft:fall_one_cm":19200},"minecraft:used":{"minecraft:oak_fence":1,"minecraft:stone_sword":39,"minecraft:flint_and_steel":2,"minecraft:cracked_deepslate_bricks":1,"minecraft:redstone":1,"minecraft:chest":1,"minecraft:cooked_chicken":3,"minecraft:torch":36,"minecraft:dirt":14,"minecraft:granite":16,"minecraft:wooden_axe":12,"minecraft:beef":1,"minecraft:scaffolding":4,"minecraft:furnace":4,"minecraft:oak_sapling":3,"minecraft:skeleton_skull":2,"minecraft:egg":2,"minecraft:cooked_beef":1,"minecraft:cobbled_deepslate":1,"minecraft:stone_pickaxe":156,"minecraft:oak_planks":15,"minecraft:wooden_pickaxe":149,"minecraft:crafting_table":2,"minecraft:white_bed":9,"minecraft:smoker":1,"minecraft:apple":3,"minecraft:bread":6,"justhammers:stone_hammer":1116,"minecraft:cobblestone":18,"minecraft:cooked_porkchop":1,"minecraft:porkchop":1,"minecraft:bucket":1,"minecraft:andesite":4,"minecraft:chain":1,"minecraft:yellow_bed":1,"minecraft:cobweb":3},"minecraft:broken":{"minecraft:wooden_pickaxe":3,"minecraft:stone_pickaxe":1,"justhammers:stone_hammer":12,"minecraft:wooden_axe":1},"minecraft:dropped":{"minecraft:water_bucket":1,"minecraft:iron_ingot":2,"minecraft:oak_slab":1,"minecraft:wheat_seeds":2,"minecraft:crafting_table":1,"minecraft:cooked_porkchop":4,"minecraft:cobblestone":149,"horror_element_mod:spider_head":1,"minecraft:amethyst_block":1,"horror_element_mod:slashed_skull":1,"minecraft:cobweb":8,"minecraft:dirt":2,"minecraft:torch":27,"weeping_angels:kontron_ingot":2,"minecraft:bone":8,"minecraft:iron_nugget":14,"minecraft:stone_sword":2,"minecraft:wheat":36,"minecraft:rotten_flesh":3,"minecraft:oak_planks":19,"minecraft:cooked_mutton":2,"justhammers:stone_hammer":2,"minecraft:stone":62,"minecraft:gunpowder":3,"minecraft:skeleton_skull":1,"minecraft:andesite":4},"minecraft:picked_up":{"minecraft:wooden_axe":1,"minecraft:crafting_table":2,"minecraft:wheat":36,"minecraft:chicken":7,"minecraft:wooden_pickaxe":4,"minecraft:wither_rose":8,"minecraft:amethyst_block":4,"minecraft:string":35,"minecraft:raw_copper":238,"minecraft:flint_and_steel":7,"minecraft:cobbled_deepslate":1,"minecraft:beef":13,"minecraft:iron_nugget":70,"minecraft:poppy":1,"minecraft:tinted_glass":3,"minecraft:furnace":6,"minecraft:egg":3,"minecraft:stick":162,"minecraft:raw_iron":6,"minecraft:stone":124,"horror_element_mod:slashed_skull":1,"minecraft:oak_fence":1,"minecraft:torch":131,"minecraft:porkchop":5,"minecraft:fire_charge":7,"minecraft:pointed_dripstone":1,"minecraft:redstone":36,"minecraft:stone_sword":10,"minecraft:rotten_flesh":3,"minecraft:cracked_deepslate_bricks":1,"minecraft:obsidian":7,"minecraft:mutton":19,"minecraft:skeleton_skull":11,"minecraft:white_wool":21,"minecraft:cobblestone":3689,"minecraft:feather":18,"minecraft:cooked_beef":50,"minecraft:andesite":69,"minecraft:leather":82,"minecraft:smoker":1,"minecraft:potato":8,"minecraft:skull_banner_pattern":1,"minecraft:oak_log":32,"minecraft:yellow_bed":1,"minecraft:gunpowder":24,"minecraft:dirt":38,"weeping_angels:kontron_ingot":9,"minecraft:name_tag":7,"minecraft:leather_boots":9,"minecraft:cooked_mutton":16,"minecraft:bone":8,"minecraft:apple":2,"minecraft:wheat_seeds":10,"minecraft:iron_ingot":23,"minecraft:stone_pickaxe":16,"minecraft:cooked_chicken":20,"minecraft:cobweb":17,"horror_element_mod:spider_head":1,"minecraft:oak_planks":50,"minecraft:oak_slab":1,"minecraft:scaffolding":8,"minecraft:cooked_porkchop":35,"justhammers:stone_hammer":9,"minecraft:white_bed":9,"minecraft:mossy_cobblestone":1,"minecraft:granite":218,"minecraft:golden_horse_armor":7,"minecraft:emerald":15,"minecraft:bread":16,"minecraft:baked_potato":20,"minecraft:oak_sapling":37,"minecraft:coal":66}},"DataVersion":3120}