{"stats":{"minecraft:killed_by":{"minecraft:drowned":1,"sanitydim:rotting_stalker":1,"cavenoise_overhaul:cavenoise_overhaul":1,"yeti:yeti":1},"minecraft:crafted":{"minecraft:cooked_beef":2,"minecraft:oak_planks":68,"minecraft:cooked_porkchop":4,"minecraft:crafting_table":2,"minecraft:wooden_pickaxe":1,"minecraft:cooked_chicken":1,"minecraft:furnace":2,"minecraft:stone":33,"minecraft:cooked_mutton":2,"minecraft:air":0,"justhammers:stone_hammer":2,"minecraft:stick":52,"minecraft:stone_pickaxe":2,"minecraft:stone_sword":1,"minecraft:chest":1,"minecraft:torch":44},"minecraft:killed":{"minecraft:pig":2,"minecraft:sheep":5,"minecraft:chicken":1,"minecraft:cow":2},"minecraft:mined":{"minecraft:scaffolding":1,"minecraft:white_bed":5,"minecraft:oak_sapling":1,"minecraft:glass_pane":1,"minecraft:crafting_table":1,"minecraft:oak_fence":1,"minecraft:granite":2,"minecraft:grass_block":4,"minecraft:cobblestone":17,"minecraft:oak_planks":9,"minecraft:cracked_deepslate_bricks":1,"minecraft:wall_torch":3,"minecraft:amethyst_block":1,"minecraft:iron_ore":1,"minecraft:tinted_glass":1,"minecraft:cobbled_deepslate":1,"minecraft:fire":3,"treechop:chopped_log":1,"minecraft:grass":10,"minecraft:coal_ore":26,"minecraft:oak_log":11,"minecraft:dirt":12,"minecraft:stone":176,"minecraft:oak_leaves":7},"minecraft:custom":{"minecraft:interact_with_furnace":20,"minecraft:mob_kills":12,"minecraft:interact_with_crafting_table":16,"minecraft:time_since_death":244,"minecraft:sleep_in_bed":7,"minecraft:climb_one_cm":2722,"minecraft:time_since_rest":290,"minecraft:sprint_one_cm":159238,"minecraft:damage_taken":1711,"minecraft:walk_one_cm":324016,"minecraft:trigger_trapped_chest":4,"minecraft:drop":20,"minecraft:damage_dealt":1541,"minecraft:swim_one_cm":22672,"minecraft:talked_to_villager":2,"minecraft:fly_one_cm":121109,"minecraft:open_chest":23,"minecraft:crouch_one_cm":10599,"minecraft:play_time":62410,"minecraft:deaths":5,"minecraft:sneak_time":3968,"minecraft:walk_under_water_one_cm":2657,"minecraft:jump":833,"minecraft:interact_with_smoker":4,"minecraft:walk_on_water_one_cm":13251,"minecraft:total_world_time":62410,"minecraft:fall_one_cm":14231},"minecraft:used":{"minecraft:oak_fence":1,"minecraft:stone_sword":9,"minecraft:flint_and_steel":2,"minecraft:cracked_deepslate_bricks":1,"minecraft:stone_pickaxe":122,"minecraft:redstone":1,"minecraft:oak_planks":15,"minecraft:chest":1,"minecraft:wooden_pickaxe":149,"minecraft:cooked_chicken":1,"minecraft:torch":18,"minecraft:dirt":7,"minecraft:crafting_table":2,"minecraft:white_bed":5,"minecraft:granite":2,"minecraft:smoker":1,"minecraft:wooden_axe":12,"minecraft:apple":1,"minecraft:bread":6,"justhammers:stone_hammer":170,"minecraft:cobblestone":11,"minecraft:beef":1,"minecraft:scaffolding":4,"minecraft:oak_sapling":3,"minecraft:furnace":2,"minecraft:porkchop":1,"minecraft:chain":1,"minecraft:yellow_bed":1,"minecraft:skeleton_skull":2,"minecraft:cooked_beef":1,"minecraft:cobbled_deepslate":1,"minecraft:cobweb":3},"minecraft:dropped":{"minecraft:oak_slab":1,"minecraft:stone_sword":2,"minecraft:crafting_table":1,"minecraft:cooked_porkchop":4,"minecraft:wheat":36,"minecraft:cobblestone":1,"minecraft:rotten_flesh":3,"minecraft:oak_planks":19,"horror_element_mod:spider_head":1,"horror_element_mod:slashed_skull":1,"minecraft:cobweb":8,"minecraft:dirt":2,"minecraft:gunpowder":3,"minecraft:torch":24,"minecraft:skeleton_skull":1,"minecraft:bone":8},"minecraft:broken":{"minecraft:stone_pickaxe":1,"justhammers:stone_hammer":2,"minecraft:wooden_axe":1,"minecraft:wooden_pickaxe":3},"minecraft:picked_up":{"minecraft:wooden_axe":1,"minecraft:crafting_table":2,"minecraft:wheat":36,"minecraft:feather":2,"minecraft:cooked_beef":5,"minecraft:chicken":1,"minecraft:andesite":12,"minecraft:leather":24,"minecraft:wooden_pickaxe":4,"minecraft:smoker":1,"minecraft:potato":4,"minecraft:wither_rose":8,"minecraft:skull_banner_pattern":1,"minecraft:oak_log":24,"minecraft:yellow_bed":1,"minecraft:gunpowder":12,"minecraft:amethyst_block":3,"minecraft:dirt":31,"minecraft:string":15,"minecraft:raw_copper":46,"minecraft:flint_and_steel":3,"minecraft:name_tag":3,"minecraft:cooked_mutton":4,"minecraft:leather_boots":3,"minecraft:bone":8,"minecraft:wheat_seeds":3,"minecraft:cobbled_deepslate":1,"minecraft:beef":6,"minecraft:iron_ingot":16,"minecraft:stone_pickaxe":5,"minecraft:cobweb":17,"minecraft:iron_nugget":42,"minecraft:poppy":1,"minecraft:tinted_glass":3,"horror_element_mod:spider_head":1,"minecraft:oak_planks":20,"minecraft:scaffolding":8,"minecraft:oak_slab":1,"minecraft:stick":97,"minecraft:raw_iron":3,"minecraft:stone":69,"minecraft:cooked_porkchop":12,"horror_element_mod:slashed_skull":1,"minecraft:oak_fence":1,"minecraft:torch":34,"minecraft:fire_charge":3,"minecraft:porkchop":5,"minecraft:pointed_dripstone":1,"minecraft:white_bed":5,"minecraft:redstone":16,"minecraft:mossy_cobblestone":1,"minecraft:stone_sword":4,"minecraft:rotten_flesh":3,"minecraft:granite":6,"minecraft:cracked_deepslate_bricks":1,"minecraft:bread":16,"minecraft:emerald":7,"minecraft:golden_horse_armor":3,"minecraft:coal":38,"minecraft:oak_sapling":16,"minecraft:mutton":17,"minecraft:obsidian":3,"minecraft:skeleton_skull":11,"minecraft:white_wool":13,"minecraft:cobblestone":547}},"DataVersion":3120}