{"stats":{"minecraft:killed_by":{"minecraft:drowned":1,"sanitydim:rotting_stalker":1},"minecraft:crafted":{"minecraft:oak_planks":40,"minecraft:crafting_table":2,"minecraft:wooden_pickaxe":1,"minecraft:cooked_chicken":1,"minecraft:furnace":2,"minecraft:air":0,"minecraft:stick":4,"minecraft:chest":1},"minecraft:killed":{"minecraft:pig":2,"minecraft:sheep":1,"minecraft:chicken":1,"minecraft:cow":2},"minecraft:mined":{"minecraft:scaffolding":1,"minecraft:white_bed":2,"minecraft:glass_pane":1,"minecraft:oak_fence":1,"minecraft:grass_block":3,"minecraft:cobblestone":8,"minecraft:oak_planks":9,"minecraft:cracked_deepslate_bricks":1,"minecraft:amethyst_block":1,"minecraft:tinted_glass":1,"minecraft:cobbled_deepslate":1,"minecraft:fire":2,"minecraft:grass":9,"minecraft:coal_ore":2,"minecraft:oak_log":10,"minecraft:dirt":6,"minecraft:stone":12,"minecraft:oak_leaves":7},"minecraft:custom":{"minecraft:interact_with_furnace":5,"minecraft:mob_kills":8,"minecraft:interact_with_crafting_table":8,"minecraft:time_since_death":17305,"minecraft:sleep_in_bed":3,"minecraft:climb_one_cm":2722,"minecraft:time_since_rest":7144,"minecraft:sprint_one_cm":88976,"minecraft:damage_taken":1193,"minecraft:walk_one_cm":166433,"minecraft:trigger_trapped_chest":4,"minecraft:drop":12,"minecraft:damage_dealt":1185,"minecraft:swim_one_cm":22672,"minecraft:talked_to_villager":2,"minecraft:fly_one_cm":86550,"minecraft:open_chest":17,"minecraft:crouch_one_cm":5952,"minecraft:play_time":32410,"minecraft:deaths":3,"minecraft:sneak_time":1692,"minecraft:walk_under_water_one_cm":2383,"minecraft:jump":515,"minecraft:walk_on_water_one_cm":12164,"minecraft:total_world_time":32410,"minecraft:fall_one_cm":10082},"minecraft:used":{"minecraft:oak_fence":1,"minecraft:cracked_deepslate_bricks":1,"minecraft:stone_pickaxe":22,"minecraft:redstone":1,"minecraft:oak_planks":11,"minecraft:chest":1,"minecraft:wooden_pickaxe":37,"minecraft:cooked_chicken":1,"minecraft:dirt":7,"minecraft:crafting_table":2,"minecraft:white_bed":1,"minecraft:wooden_axe":12,"minecraft:bread":4,"minecraft:beef":1,"minecraft:scaffolding":4,"minecraft:oak_sapling":3,"minecraft:furnace":2,"minecraft:porkchop":1,"minecraft:chain":1,"minecraft:yellow_bed":1,"minecraft:skeleton_skull":2,"minecraft:cooked_beef":1,"minecraft:cobbled_deepslate":1,"minecraft:cobweb":3},"minecraft:dropped":{"minecraft:oak_slab":1,"minecraft:stone_sword":2,"minecraft:wheat":36,"minecraft:oak_planks":14,"horror_element_mod:spider_head":1,"horror_element_mod:slashed_skull":1,"minecraft:cobweb":8,"minecraft:dirt":2,"minecraft:skeleton_skull":1,"minecraft:bone":4},"minecraft:broken":{"minecraft:stone_pickaxe":1,"minecraft:wooden_axe":1},"minecraft:picked_up":{"minecraft:wooden_axe":1,"minecraft:crafting_table":1,"minecraft:wheat":36,"minecraft:feather":2,"minecraft:cooked_beef":1,"minecraft:chicken":1,"minecraft:leather":10,"minecraft:wooden_pickaxe":3,"minecraft:smoker":1,"minecraft:wither_rose":8,"minecraft:skull_banner_pattern":1,"minecraft:oak_log":17,"minecraft:yellow_bed":1,"minecraft:gunpowder":3,"minecraft:amethyst_block":1,"minecraft:dirt":12,"minecraft:string":5,"minecraft:raw_copper":46,"minecraft:flint_and_steel":1,"minecraft:name_tag":1,"minecraft:leather_boots":1,"minecraft:bone":8,"minecraft:wheat_seeds":3,"minecraft:cobbled_deepslate":1,"minecraft:beef":6,"minecraft:iron_ingot":4,"minecraft:stone_pickaxe":1,"minecraft:cobweb":17,"minecraft:iron_nugget":14,"minecraft:poppy":1,"minecraft:tinted_glass":3,"horror_element_mod:spider_head":1,"minecraft:oak_planks":15,"minecraft:scaffolding":8,"minecraft:oak_slab":1,"minecraft:stick":11,"horror_element_mod:slashed_skull":1,"minecraft:oak_fence":1,"minecraft:torch":5,"minecraft:fire_charge":1,"minecraft:porkchop":5,"minecraft:pointed_dripstone":1,"minecraft:white_bed":1,"minecraft:redstone":6,"minecraft:mossy_cobblestone":1,"minecraft:stone_sword":2,"minecraft:rotten_flesh":3,"minecraft:cracked_deepslate_bricks":1,"minecraft:bread":16,"minecraft:emerald":3,"minecraft:golden_horse_armor":1,"minecraft:coal":2,"minecraft:oak_sapling":4,"minecraft:mutton":2,"minecraft:obsidian":1,"minecraft:skeleton_skull":11,"minecraft:white_wool":1,"minecraft:cobblestone":21}},"DataVersion":3120}