{"stats":{"minecraft:killed_by":{"minecraft:drowned":1},"minecraft:crafted":{"minecraft:oak_planks":16,"minecraft:crafting_table":2,"minecraft:stick":4,"minecraft:wooden_pickaxe":1,"minecraft:cooked_chicken":1,"minecraft:furnace":1,"minecraft:air":0},"minecraft:killed":{"minecraft:chicken":1,"minecraft:cow":2},"minecraft:mined":{"minecraft:scaffolding":1,"minecraft:tinted_glass":1,"minecraft:fire":2,"minecraft:grass":9,"minecraft:grass_block":3,"minecraft:oak_log":5,"minecraft:dirt":6,"minecraft:stone":12,"minecraft:oak_leaves":7},"minecraft:used":{"minecraft:wooden_pickaxe":30,"minecraft:cooked_chicken":1,"minecraft:dirt":6,"minecraft:beef":1,"minecraft:scaffolding":4,"minecraft:crafting_table":1,"minecraft:furnace":1,"minecraft:porkchop":1,"minecraft:chain":1,"minecraft:skeleton_skull":2},"minecraft:custom":{"minecraft:time_since_rest":9450,"minecraft:interact_with_furnace":4,"minecraft:sprint_one_cm":60551,"minecraft:damage_taken":710,"minecraft:walk_one_cm":71471,"minecraft:trigger_trapped_chest":2,"minecraft:mob_kills":4,"minecraft:drop":3,"minecraft:damage_dealt":400,"minecraft:swim_one_cm":22672,"minecraft:interact_with_crafting_table":2,"minecraft:fly_one_cm":70494,"minecraft:crouch_one_cm":1344,"minecraft:play_time":14410,"minecraft:deaths":2,"minecraft:sneak_time":496,"minecraft:walk_under_water_one_cm":2383,"minecraft:jump":380,"minecraft:walk_on_water_one_cm":7761,"minecraft:time_since_death":9421,"minecraft:climb_one_cm":2510,"minecraft:total_world_time":14410,"minecraft:fall_one_cm":8309},"minecraft:dropped":{"minecraft:dirt":2,"minecraft:skeleton_skull":1},"minecraft:picked_up":{"minecraft:scaffolding":8,"minecraft:feather":2,"minecraft:chicken":1,"minecraft:leather":3,"minecraft:wither_rose":4,"minecraft:porkchop":1,"minecraft:skull_banner_pattern":1,"minecraft:oak_log":11,"minecraft:pointed_dripstone":1,"minecraft:dirt":9,"minecraft:wheat_seeds":3,"minecraft:beef":4,"minecraft:cobweb":6,"minecraft:emerald":1,"minecraft:oak_sapling":1,"minecraft:tinted_glass":2,"minecraft:skeleton_skull":7,"minecraft:cobblestone":10}},"DataVersion":3120}