{"stats":{"minecraft:mined":{"minecraft:grass":2,"minecraft:oak_log":1,"minecraft:oak_leaves":1},"minecraft:used":{"minecraft:porkchop":1},"minecraft:custom":{"minecraft:jump":56,"minecraft:time_since_rest":2410,"minecraft:walk_on_water_one_cm":882,"minecraft:damage_dealt":130,"minecraft:crouch_one_cm":55,"minecraft:damage_taken":230,"minecraft:sprint_one_cm":8098,"minecraft:play_time":2410,"minecraft:time_since_death":2410,"minecraft:walk_one_cm":12024,"minecraft:sneak_time":37,"minecraft:total_world_time":2410,"minecraft:walk_under_water_one_cm":1249,"minecraft:mob_kills":1,"minecraft:swim_one_cm":5762,"minecraft:fall_one_cm":1834,"minecraft:fly_one_cm":7890},"minecraft:picked_up":{"minecraft:porkchop":1,"minecraft:oak_log":1,"minecraft:oak_sapling":1}},"DataVersion":3120}