{"stats":{"minecraft:killed_by":{"minecraft:drowned":1,"sanitydim:rotting_stalker":1,"cavenoise_overhaul:cavenoise_overhaul":5,"yeti:yeti":1},"minecraft:crafted":{"minecraft:oak_planks":68,"minecraft:cooked_chicken":6,"minecraft:furnace":2,"minecraft:stone":154,"minecraft:cooked_mutton":2,"minecraft:stone_pickaxe":2,"minecraft:chest":1,"minecraft:cooked_beef":9,"minecraft:cooked_porkchop":4,"minecraft:crafting_table":2,"minecraft:wooden_pickaxe":1,"minecraft:baked_potato":4,"minecraft:bucket":1,"minecraft:air":0,"justhammers:stone_hammer":13,"minecraft:stick":52,"minecraft:iron_ingot":1,"minecraft:stone_sword":1,"minecraft:torch":68},"minecraft:killed":{"minecraft:chicken":6,"minecraft:pig":2,"minecraft:sheep":7,"minecraft:cow":5},"minecraft:mined":{"minecraft:white_bed":5,"minecraft:oak_sapling":1,"minecraft:granite":14,"minecraft:grass_block":4,"minecraft:fire":3,"minecraft:iron_ore":1,"minecraft:cobbled_deepslate":1,"treechop:chopped_log":1,"minecraft:stone":176,"minecraft:scaffolding":1,"minecraft:glass_pane":1,"minecraft:oak_fence":1,"minecraft:crafting_table":1,"minecraft:torch":1,"minecraft:tall_grass":1,"minecraft:cobblestone":20,"minecraft:oak_planks":9,"minecraft:cracked_deepslate_bricks":1,"minecraft:wall_torch":4,"minecraft:amethyst_block":1,"minecraft:tinted_glass":1,"minecraft:grass":12,"minecraft:oak_log":11,"minecraft:coal_ore":39,"minecraft:dirt":13,"minecraft:oak_leaves":7},"minecraft:custom":{"minecraft:mob_kills":22,"minecraft:interact_with_crafting_table":29,"minecraft:time_since_death":2771,"minecraft:climb_one_cm":2722,"minecraft:sprint_one_cm":280684,"minecraft:walk_one_cm":501733,"minecraft:drop":39,"minecraft:talked_to_villager":2,"minecraft:play_time":98410,"minecraft:deaths":9,"minecraft:sneak_time":4518,"minecraft:walk_under_water_one_cm":2657,"minecraft:jump":1090,"minecraft:walk_on_water_one_cm":13251,"minecraft:total_world_time":98410,"minecraft:interact_with_furnace":44,"minecraft:sleep_in_bed":11,"minecraft:time_since_rest":131,"minecraft:damage_taken":2779,"minecraft:trigger_trapped_chest":4,"minecraft:damage_dealt":2252,"minecraft:swim_one_cm":22672,"minecraft:fly_one_cm":168770,"minecraft:open_chest":41,"minecraft:crouch_one_cm":12002,"minecraft:interact_with_smoker":12,"minecraft:fall_one_cm":16952},"minecraft:used":{"minecraft:oak_fence":1,"minecraft:stone_sword":30,"minecraft:flint_and_steel":2,"minecraft:cracked_deepslate_bricks":1,"minecraft:redstone":1,"minecraft:chest":1,"minecraft:cooked_chicken":2,"minecraft:torch":34,"minecraft:dirt":14,"minecraft:granite":16,"minecraft:wooden_axe":12,"minecraft:beef":1,"minecraft:scaffolding":4,"minecraft:furnace":2,"minecraft:oak_sapling":3,"minecraft:skeleton_skull":2,"minecraft:egg":1,"minecraft:cooked_beef":1,"minecraft:cobbled_deepslate":1,"minecraft:stone_pickaxe":150,"minecraft:oak_planks":15,"minecraft:wooden_pickaxe":149,"minecraft:crafting_table":2,"minecraft:white_bed":9,"minecraft:smoker":1,"minecraft:apple":1,"minecraft:bread":6,"justhammers:stone_hammer":1116,"minecraft:cobblestone":15,"minecraft:porkchop":1,"minecraft:bucket":1,"minecraft:andesite":4,"minecraft:chain":1,"minecraft:yellow_bed":1,"minecraft:cobweb":3},"minecraft:broken":{"minecraft:wooden_pickaxe":3,"minecraft:stone_pickaxe":1,"justhammers:stone_hammer":12,"minecraft:wooden_axe":1},"minecraft:dropped":{"minecraft:water_bucket":1,"minecraft:iron_ingot":2,"minecraft:oak_slab":1,"minecraft:wheat_seeds":2,"minecraft:crafting_table":1,"minecraft:cooked_porkchop":4,"minecraft:cobblestone":149,"horror_element_mod:spider_head":1,"minecraft:amethyst_block":1,"horror_element_mod:slashed_skull":1,"minecraft:cobweb":8,"minecraft:dirt":2,"minecraft:torch":27,"weeping_angels:kontron_ingot":2,"minecraft:bone":8,"minecraft:iron_nugget":14,"minecraft:stone_sword":2,"minecraft:wheat":36,"minecraft:rotten_flesh":3,"minecraft:oak_planks":19,"minecraft:cooked_mutton":2,"justhammers:stone_hammer":2,"minecraft:stone":62,"minecraft:gunpowder":3,"minecraft:skeleton_skull":1,"minecraft:andesite":4},"minecraft:picked_up":{"minecraft:wooden_axe":1,"minecraft:crafting_table":2,"minecraft:wheat":36,"minecraft:chicken":6,"minecraft:wooden_pickaxe":4,"minecraft:wither_rose":8,"minecraft:amethyst_block":4,"minecraft:string":35,"minecraft:raw_copper":238,"minecraft:flint_and_steel":7,"minecraft:cobbled_deepslate":1,"minecraft:beef":13,"minecraft:iron_nugget":70,"minecraft:poppy":1,"minecraft:tinted_glass":3,"minecraft:egg":2,"minecraft:stick":162,"minecraft:raw_iron":6,"minecraft:stone":124,"horror_element_mod:slashed_skull":1,"minecraft:oak_fence":1,"minecraft:torch":93,"minecraft:porkchop":5,"minecraft:fire_charge":7,"minecraft:pointed_dripstone":1,"minecraft:redstone":36,"minecraft:stone_sword":8,"minecraft:rotten_flesh":3,"minecraft:cracked_deepslate_bricks":1,"minecraft:obsidian":7,"minecraft:mutton":19,"minecraft:skeleton_skull":11,"minecraft:white_wool":21,"minecraft:cobblestone":3619,"minecraft:feather":17,"minecraft:cooked_beef":41,"minecraft:andesite":68,"minecraft:leather":82,"minecraft:smoker":1,"minecraft:potato":8,"minecraft:skull_banner_pattern":1,"minecraft:oak_log":24,"minecraft:yellow_bed":1,"minecraft:gunpowder":24,"minecraft:dirt":38,"weeping_angels:kontron_ingot":5,"minecraft:name_tag":7,"minecraft:leather_boots":7,"minecraft:cooked_mutton":14,"minecraft:bone":8,"minecraft:wheat_seeds":10,"minecraft:iron_ingot":21,"minecraft:stone_pickaxe":13,"minecraft:cooked_chicken":16,"minecraft:cobweb":17,"horror_element_mod:spider_head":1,"minecraft:oak_planks":20,"minecraft:oak_slab":1,"minecraft:scaffolding":8,"minecraft:cooked_porkchop":28,"justhammers:stone_hammer":8,"minecraft:white_bed":9,"minecraft:mossy_cobblestone":1,"minecraft:granite":218,"minecraft:golden_horse_armor":7,"minecraft:emerald":15,"minecraft:bread":16,"minecraft:baked_potato":16,"minecraft:oak_sapling":32,"minecraft:coal":57}},"DataVersion":3120}