{"stats":{"minecraft:killed_by":{"minecraft:drowned":1,"sanitydim:rotting_stalker":1,"cavenoise_overhaul:cavenoise_overhaul":2,"yeti:yeti":1},"minecraft:crafted":{"minecraft:oak_planks":68,"minecraft:cooked_chicken":6,"minecraft:furnace":2,"minecraft:stone":98,"minecraft:cooked_mutton":2,"minecraft:stone_pickaxe":2,"minecraft:chest":1,"minecraft:cooked_beef":9,"minecraft:cooked_porkchop":4,"minecraft:crafting_table":2,"minecraft:wooden_pickaxe":1,"minecraft:baked_potato":4,"minecraft:bucket":1,"minecraft:air":0,"justhammers:stone_hammer":6,"minecraft:stick":52,"minecraft:stone_sword":1,"minecraft:torch":44},"minecraft:killed":{"minecraft:chicken":6,"minecraft:pig":2,"minecraft:sheep":7,"minecraft:cow":5},"minecraft:mined":{"minecraft:white_bed":5,"minecraft:oak_sapling":1,"minecraft:granite":2,"minecraft:grass_block":4,"minecraft:fire":3,"minecraft:iron_ore":1,"minecraft:cobbled_deepslate":1,"treechop:chopped_log":1,"minecraft:stone":176,"minecraft:scaffolding":1,"minecraft:glass_pane":1,"minecraft:oak_fence":1,"minecraft:crafting_table":1,"minecraft:tall_grass":1,"minecraft:cobblestone":18,"minecraft:oak_planks":9,"minecraft:cracked_deepslate_bricks":1,"minecraft:wall_torch":3,"minecraft:amethyst_block":1,"minecraft:tinted_glass":1,"minecraft:grass":12,"minecraft:oak_log":11,"minecraft:coal_ore":39,"minecraft:dirt":13,"minecraft:oak_leaves":7},"minecraft:custom":{"minecraft:mob_kills":22,"minecraft:interact_with_crafting_table":21,"minecraft:time_since_death":2892,"minecraft:climb_one_cm":2722,"minecraft:sprint_one_cm":202010,"minecraft:walk_one_cm":381470,"minecraft:drop":28,"minecraft:talked_to_villager":2,"minecraft:play_time":74410,"minecraft:deaths":6,"minecraft:sneak_time":3993,"minecraft:walk_under_water_one_cm":2657,"minecraft:jump":967,"minecraft:walk_on_water_one_cm":13251,"minecraft:total_world_time":74410,"minecraft:interact_with_furnace":32,"minecraft:sleep_in_bed":8,"minecraft:time_since_rest":479,"minecraft:damage_taken":1978,"minecraft:trigger_trapped_chest":4,"minecraft:damage_dealt":2220,"minecraft:swim_one_cm":22672,"minecraft:fly_one_cm":139627,"minecraft:open_chest":28,"minecraft:crouch_one_cm":10776,"minecraft:interact_with_smoker":10,"minecraft:fall_one_cm":15903},"minecraft:used":{"minecraft:oak_fence":1,"minecraft:stone_sword":30,"minecraft:flint_and_steel":2,"minecraft:cracked_deepslate_bricks":1,"minecraft:redstone":1,"minecraft:chest":1,"minecraft:cooked_chicken":2,"minecraft:torch":28,"minecraft:dirt":12,"minecraft:granite":4,"minecraft:wooden_axe":12,"minecraft:beef":1,"minecraft:scaffolding":4,"minecraft:furnace":2,"minecraft:oak_sapling":3,"minecraft:skeleton_skull":2,"minecraft:egg":1,"minecraft:cooked_beef":1,"minecraft:cobbled_deepslate":1,"minecraft:stone_pickaxe":136,"minecraft:oak_planks":15,"minecraft:wooden_pickaxe":149,"minecraft:crafting_table":2,"minecraft:white_bed":6,"minecraft:smoker":1,"minecraft:apple":1,"minecraft:bread":6,"justhammers:stone_hammer":294,"minecraft:cobblestone":11,"minecraft:porkchop":1,"minecraft:bucket":1,"minecraft:andesite":4,"minecraft:chain":1,"minecraft:yellow_bed":1,"minecraft:cobweb":3},"minecraft:broken":{"minecraft:wooden_pickaxe":3,"minecraft:stone_pickaxe":1,"justhammers:stone_hammer":3,"minecraft:wooden_axe":1},"minecraft:dropped":{"minecraft:water_bucket":1,"minecraft:oak_slab":1,"minecraft:crafting_table":1,"minecraft:cooked_porkchop":4,"minecraft:cobblestone":85,"horror_element_mod:spider_head":1,"minecraft:amethyst_block":1,"horror_element_mod:slashed_skull":1,"minecraft:cobweb":8,"minecraft:dirt":2,"minecraft:torch":24,"weeping_angels:kontron_ingot":1,"minecraft:bone":8,"minecraft:stone_sword":2,"minecraft:wheat":36,"minecraft:rotten_flesh":3,"minecraft:oak_planks":19,"justhammers:stone_hammer":2,"minecraft:gunpowder":3,"minecraft:skeleton_skull":1,"minecraft:andesite":4},"minecraft:picked_up":{"minecraft:wooden_axe":1,"minecraft:crafting_table":2,"minecraft:wheat":36,"minecraft:chicken":6,"minecraft:wooden_pickaxe":4,"minecraft:wither_rose":8,"minecraft:amethyst_block":4,"minecraft:string":20,"minecraft:raw_copper":46,"minecraft:flint_and_steel":4,"minecraft:cobbled_deepslate":1,"minecraft:beef":13,"minecraft:iron_nugget":56,"minecraft:poppy":1,"minecraft:tinted_glass":3,"minecraft:egg":2,"minecraft:stick":135,"minecraft:raw_iron":4,"minecraft:stone":82,"horror_element_mod:slashed_skull":1,"minecraft:oak_fence":1,"minecraft:torch":39,"minecraft:porkchop":5,"minecraft:fire_charge":4,"minecraft:pointed_dripstone":1,"minecraft:redstone":21,"minecraft:stone_sword":5,"minecraft:rotten_flesh":3,"minecraft:cracked_deepslate_bricks":1,"minecraft:obsidian":4,"minecraft:mutton":19,"minecraft:skeleton_skull":11,"minecraft:white_wool":21,"minecraft:cobblestone":1204,"minecraft:feather":8,"minecraft:cooked_beef":14,"minecraft:andesite":16,"minecraft:leather":43,"minecraft:smoker":1,"minecraft:potato":8,"minecraft:skull_banner_pattern":1,"minecraft:oak_log":24,"minecraft:yellow_bed":1,"minecraft:gunpowder":15,"minecraft:dirt":34,"weeping_angels:kontron_ingot":2,"minecraft:name_tag":4,"minecraft:leather_boots":4,"minecraft:cooked_mutton":6,"minecraft:bone":8,"minecraft:wheat_seeds":5,"minecraft:iron_ingot":17,"minecraft:stone_pickaxe":7,"minecraft:cooked_chicken":4,"minecraft:cobweb":17,"horror_element_mod:spider_head":1,"minecraft:oak_planks":20,"minecraft:oak_slab":1,"minecraft:scaffolding":8,"minecraft:cooked_porkchop":16,"justhammers:stone_hammer":3,"minecraft:white_bed":6,"minecraft:mossy_cobblestone":1,"minecraft:granite":6,"minecraft:golden_horse_armor":4,"minecraft:emerald":9,"minecraft:bread":16,"minecraft:baked_potato":4,"minecraft:oak_sapling":20,"minecraft:coal":51}},"DataVersion":3120}