{"stats":{"minecraft:killed_by":{"minecraft:drowned":1,"sanitydim:rotting_stalker":1},"minecraft:crafted":{"minecraft:oak_planks":28,"minecraft:crafting_table":2,"minecraft:wooden_pickaxe":1,"minecraft:cooked_chicken":1,"minecraft:furnace":1,"minecraft:air":0,"minecraft:stick":4,"minecraft:chest":1},"minecraft:killed":{"minecraft:sheep":1,"minecraft:chicken":1,"minecraft:cow":2},"minecraft:mined":{"minecraft:scaffolding":1,"minecraft:grass_block":3,"minecraft:tinted_glass":1,"minecraft:fire":2,"minecraft:grass":9,"minecraft:oak_log":7,"minecraft:dirt":6,"minecraft:stone":12,"minecraft:oak_leaves":7},"minecraft:used":{"minecraft:redstone":1,"minecraft:chest":1,"minecraft:wooden_pickaxe":30,"minecraft:cooked_chicken":1,"minecraft:dirt":7,"minecraft:crafting_table":2,"minecraft:wooden_axe":2,"minecraft:beef":1,"minecraft:scaffolding":4,"minecraft:furnace":1,"minecraft:porkchop":1,"minecraft:chain":1,"minecraft:yellow_bed":1,"minecraft:skeleton_skull":2},"minecraft:custom":{"minecraft:interact_with_furnace":4,"minecraft:mob_kills":5,"minecraft:interact_with_crafting_table":3,"minecraft:time_since_death":5305,"minecraft:sleep_in_bed":2,"minecraft:climb_one_cm":2510,"minecraft:time_since_rest":3839,"minecraft:sprint_one_cm":80464,"minecraft:damage_taken":883,"minecraft:walk_one_cm":105350,"minecraft:trigger_trapped_chest":2,"minecraft:drop":4,"minecraft:damage_dealt":490,"minecraft:swim_one_cm":22672,"minecraft:talked_to_villager":1,"minecraft:fly_one_cm":79740,"minecraft:open_chest":5,"minecraft:crouch_one_cm":1407,"minecraft:play_time":20410,"minecraft:deaths":3,"minecraft:sneak_time":511,"minecraft:walk_under_water_one_cm":2383,"minecraft:jump":442,"minecraft:walk_on_water_one_cm":9892,"minecraft:total_world_time":20410,"minecraft:fall_one_cm":8994},"minecraft:dropped":{"minecraft:oak_slab":1,"minecraft:dirt":2,"minecraft:skeleton_skull":1},"minecraft:picked_up":{"minecraft:wooden_axe":1,"minecraft:crafting_table":1,"minecraft:feather":2,"minecraft:cooked_beef":1,"minecraft:chicken":1,"minecraft:leather":10,"minecraft:wooden_pickaxe":2,"minecraft:smoker":1,"minecraft:wither_rose":8,"minecraft:skull_banner_pattern":1,"minecraft:oak_log":14,"minecraft:yellow_bed":1,"minecraft:gunpowder":3,"minecraft:dirt":12,"minecraft:string":5,"minecraft:raw_copper":46,"minecraft:flint_and_steel":1,"minecraft:name_tag":1,"minecraft:leather_boots":1,"minecraft:bone":4,"minecraft:wheat_seeds":3,"minecraft:beef":6,"minecraft:iron_ingot":4,"minecraft:stone_pickaxe":1,"minecraft:cobweb":12,"minecraft:iron_nugget":14,"minecraft:poppy":1,"minecraft:tinted_glass":3,"minecraft:oak_planks":2,"minecraft:scaffolding":8,"minecraft:oak_slab":1,"minecraft:stick":7,"minecraft:torch":4,"minecraft:fire_charge":1,"minecraft:porkchop":1,"minecraft:pointed_dripstone":1,"minecraft:redstone":6,"minecraft:mossy_cobblestone":1,"minecraft:emerald":3,"minecraft:golden_horse_armor":1,"minecraft:oak_sapling":1,"minecraft:mutton":2,"minecraft:obsidian":1,"minecraft:skeleton_skull":11,"minecraft:white_wool":1,"minecraft:cobblestone":12}},"DataVersion":3120}