{"stats":{"minecraft:crafted":{"minecraft:cooked_beef":7,"minecraft:oak_door":3,"minecraft:oak_planks":80,"minecraft:crafting_table":2,"minecraft:stick":8,"minecraft:wooden_pickaxe":1,"minecraft:stone_pickaxe":1,"minecraft:wooden_axe":1,"minecraft:furnace":1},"minecraft:killed":{"minecraft:pig":1,"minecraft:cow":3},"minecraft:mined":{"minecraft:magma_block":3,"treechop:chopped_log":5,"minecraft:crafting_table":1,"minecraft:grass":1,"minecraft:grass_block":1,"minecraft:stone":63,"minecraft:oak_leaves":1},"minecraft:used":{"minecraft:wooden_axe":24,"minecraft:apple":2,"minecraft:stone_pickaxe":54,"minecraft:wooden_pickaxe":13,"minecraft:oak_door":3,"minecraft:cobblestone":3,"minecraft:crafting_table":3,"minecraft:furnace":1,"minecraft:porkchop":1,"minecraft:cooked_beef":2},"minecraft:custom":{"minecraft:time_since_rest":98,"minecraft:interact_with_furnace":9,"minecraft:sprint_one_cm":33725,"minecraft:damage_taken":510,"minecraft:walk_one_cm":14796,"minecraft:mob_kills":4,"minecraft:damage_dealt":400,"minecraft:swim_one_cm":17103,"minecraft:interact_with_crafting_table":21,"minecraft:fly_one_cm":21661,"minecraft:crouch_one_cm":1026,"minecraft:play_time":16889,"minecraft:deaths":1,"minecraft:sneak_time":1764,"minecraft:walk_under_water_one_cm":2691,"minecraft:jump":114,"minecraft:walk_on_water_one_cm":1117,"minecraft:time_since_death":623,"minecraft:sleep_in_bed":1,"minecraft:total_world_time":16889,"minecraft:fall_one_cm":3137},"minecraft:picked_up":{"minecraft:magma_block":2,"minecraft:stick":6,"minecraft:crafting_table":1,"minecraft:oak_door":1,"minecraft:leather":6,"minecraft:porkchop":2,"minecraft:oak_log":34,"minecraft:dirt":1,"minecraft:apple":3,"minecraft:beef":7,"minecraft:oak_sapling":14,"minecraft:cobblestone":59}},"DataVersion":3120}