{"stats":{"minecraft:crafted":{"minecraft:cooked_beef":13,"minecraft:oak_door":3,"minecraft:oak_planks":96,"sophisticatedbackpacks:backpack":1,"minecraft:crafting_table":2,"minecraft:stick":8,"minecraft:wooden_pickaxe":1,"minecraft:stone_pickaxe":2,"minecraft:wooden_axe":1,"minecraft:chest":1,"minecraft:stone_sword":1,"minecraft:furnace":1,"minecraft:stone_axe":1},"minecraft:killed":{"minecraft:pig":1,"minecraft:cow":8},"minecraft:mined":{"horror_element_mod:herobrine_head":1,"minecraft:magma_block":3,"horror_element_mod:beheaded_body":1,"treechop:chopped_log":5,"minecraft:crafting_table":1,"minecraft:grass":10,"minecraft:grass_block":1,"minecraft:coal_ore":3,"minecraft:cobweb":1,"minecraft:cobblestone":2,"minecraft:stone":63,"minecraft:oak_leaves":1},"minecraft:used":{"minecraft:wooden_axe":24,"minecraft:stone_sword":1,"minecraft:apple":2,"minecraft:stone_pickaxe":61,"minecraft:wooden_pickaxe":13,"minecraft:stone_axe":6,"minecraft:oak_door":3,"minecraft:cobblestone":10,"minecraft:beef":1,"minecraft:crafting_table":3,"minecraft:furnace":1,"minecraft:porkchop":1,"horror_element_mod:herobrine_head":1,"minecraft:cooked_beef":4,"minecraft:cobweb":1},"minecraft:custom":{"minecraft:time_since_rest":2476,"minecraft:interact_with_furnace":11,"minecraft:sprint_one_cm":80831,"minecraft:damage_taken":520,"minecraft:walk_one_cm":38287,"minecraft:mob_kills":9,"minecraft:damage_dealt":900,"minecraft:talked_to_villager":1,"minecraft:swim_one_cm":17103,"minecraft:interact_with_crafting_table":28,"minecraft:fly_one_cm":60636,"minecraft:open_chest":2,"minecraft:crouch_one_cm":1254,"minecraft:play_time":28889,"minecraft:deaths":1,"minecraft:sneak_time":1790,"minecraft:walk_under_water_one_cm":2691,"minecraft:jump":292,"minecraft:walk_on_water_one_cm":1117,"minecraft:time_since_death":12623,"minecraft:sleep_in_bed":3,"minecraft:total_world_time":28889,"minecraft:fall_one_cm":6932},"minecraft:picked_up":{"minecraft:magma_block":2,"minecraft:stick":6,"minecraft:crafting_table":1,"minecraft:oak_door":1,"minecraft:leather":13,"minecraft:porkchop":2,"minecraft:oak_log":34,"minecraft:string":1,"minecraft:dirt":1,"horror_element_mod:herobrine_head":1,"minecraft:rotten_flesh":4,"minecraft:apple":3,"minecraft:beef":14,"minecraft:oak_sapling":14,"minecraft:coal":3,"minecraft:cobblestone":61}},"DataVersion":3120}