{"stats":{"minecraft:crafted":{"minecraft:oak_planks":80,"minecraft:crafting_table":1,"minecraft:wooden_pickaxe":1,"minecraft:wooden_axe":1},"minecraft:mined":{"minecraft:grass_block":1,"minecraft:stone":13,"treechop:chopped_log":5},"minecraft:used":{"minecraft:wooden_axe":15,"minecraft:crafting_table":1,"minecraft:wooden_pickaxe":13},"minecraft:custom":{"minecraft:time_since_rest":4889,"minecraft:play_time":4889,"minecraft:crouch_one_cm":599,"minecraft:sprint_one_cm":12889,"minecraft:walk_one_cm":7429,"minecraft:sneak_time":176,"minecraft:jump":36,"minecraft:time_since_death":4889,"minecraft:walk_on_water_one_cm":255,"minecraft:total_world_time":4889,"minecraft:interact_with_crafting_table":4,"minecraft:fall_one_cm":896,"minecraft:fly_one_cm":7446},"minecraft:picked_up":{"minecraft:stick":6,"minecraft:apple":3,"minecraft:oak_log":34,"minecraft:oak_sapling":14,"minecraft:dirt":1,"minecraft:cobblestone":13}},"DataVersion":3120}