{"stats":{"minecraft:killed_by":{"minecraft:skeleton":1,"cave_dweller:cave_dweller":1,"cavenoise_overhaul:cavenoise_overhaul":1},"minecraft:crafted":{"minecraft:cooked_beef":13,"minecraft:oak_door":3,"minecraft:oak_planks":96,"sophisticatedbackpacks:backpack":1,"minecraft:crafting_table":2,"minecraft:wooden_pickaxe":1,"minecraft:furnace":1,"minecraft:stone_axe":1,"minecraft:stick":24,"minecraft:stone_pickaxe":2,"minecraft:wooden_axe":1,"minecraft:stone_sword":1,"minecraft:chest":1,"minecraft:torch":44},"minecraft:killed":{"rottencreatures:undead_miner":1,"minecraft:pig":1,"minecraft:spider":1,"minecraft:skeleton":1,"minecraft:cow":8},"minecraft:mined":{"horror_element_mod:beheaded_body":1,"minecraft:crafting_table":1,"minecraft:torch":1,"minecraft:grass_block":1,"minecraft:cobblestone":2,"minecraft:deepslate_coal_ore":7,"horror_element_mod:herobrine_head":1,"minecraft:magma_block":3,"minecraft:iron_ore":6,"treechop:chopped_log":5,"minecraft:grass":10,"minecraft:coal_ore":4,"minecraft:deepslate_iron_ore":6,"minecraft:cobweb":1,"minecraft:stone":68,"minecraft:oak_leaves":1,"minecraft:deepslate":2},"minecraft:used":{"minecraft:stone_sword":17,"minecraft:stone_pickaxe":90,"minecraft:wooden_pickaxe":13,"minecraft:oak_door":3,"minecraft:torch":29,"minecraft:crafting_table":3,"minecraft:wooden_axe":24,"minecraft:apple":2,"minecraft:stone_axe":6,"minecraft:cobblestone":13,"minecraft:beef":1,"minecraft:furnace":1,"minecraft:porkchop":1,"horror_element_mod:herobrine_head":1,"minecraft:cooked_beef":6,"minecraft:cobweb":1},"minecraft:custom":{"minecraft:interact_with_furnace":11,"minecraft:mob_kills":12,"minecraft:interact_with_crafting_table":28,"minecraft:time_since_death":2819,"minecraft:sleep_in_bed":3,"minecraft:time_since_rest":2877,"minecraft:sprint_one_cm":171749,"minecraft:damage_taken":1500,"minecraft:walk_one_cm":59925,"minecraft:damage_dealt":1649,"minecraft:swim_one_cm":17103,"minecraft:talked_to_villager":1,"minecraft:fly_one_cm":127472,"minecraft:open_chest":2,"minecraft:crouch_one_cm":1275,"minecraft:play_time":40889,"minecraft:deaths":4,"minecraft:sneak_time":1803,"minecraft:walk_under_water_one_cm":2691,"minecraft:jump":585,"minecraft:walk_on_water_one_cm":4367,"minecraft:total_world_time":40889,"minecraft:fall_one_cm":12783},"minecraft:picked_up":{"minecraft:crafting_table":1,"minecraft:magma_block":2,"minecraft:cooked_beef":5,"minecraft:leather":19,"minecraft:oak_log":34,"minecraft:dirt":1,"minecraft:string":4,"minecraft:bone":4,"minecraft:apple":3,"minecraft:cobbled_deepslate":2,"minecraft:beef":14,"minecraft:stone_pickaxe":2,"minecraft:oak_planks":16,"minecraft:stick":12,"minecraft:raw_iron":23,"minecraft:oak_door":1,"minecraft:torch":1,"sophisticatedbackpacks:backpack":2,"minecraft:porkchop":2,"horror_element_mod:herobrine_head":1,"minecraft:stone_sword":2,"minecraft:arrow":4,"minecraft:rotten_flesh":12,"minecraft:stone_axe":2,"minecraft:oak_sapling":14,"minecraft:coal":19,"minecraft:cobblestone":169}},"DataVersion":3120}